:020000040800F2
:10000000F8F300205D020008678A0008096F000805
:10001000718600086F2300080BD70008000000005D
:100020000000000000000000000000009D0100082A
:100030007D37000800000000F9010008B1CA00087F
:1000400077020008770200087702000877020008AC
:10005000770200087702000877020008770200089C
:1000600077020008A9380008B338000877020008B2
:10007000DD330008770200087702000877020008E5
:10008000770200087702000877020008770200086C
:10009000752300087702000877020008BD380008C1
:1000A000770200087702000877020008770200084C
:1000B00077020008ADCB000877020008770200083D
:1000C000770200087702000877020008770200082C
:1000D00077020008ADD4000877020008D5D50008E3
:1000E000770200087702000877020008770200080C
:1000F00077020008770200087702000877020008FC
:1001000077020008770200087702000877020008EB
:100110007702000877020008BDCB000877020008CC
:1001200077020008ED330008770200087702000824
:1001300077020008770200087702000877020008BB
:10014000852300087702000877020008770200087C
:10015000FD3300080D3400081D340008E9D50008FF
:10016000770200087702000877020008770200088B
:1001700077020008770200087702000800000000FC
:100180007702000877020008DFF80CD000F02CFBA3
:100190000048004785E20008F8F300202C4B19685E
:1001A0000868B0E8F04F80F30988BFF36F8F4FF015
:1001B000000080F3118870470000000008480068C4
:1001C000006880F308884FF0000080F3148862B65E
:1001D00061B6BFF34F8FBFF36F8F00DF00BF00BF6B
:1001E00008ED00E0DFF80C00016841F470010160E7
:1001F000704700BF88ED00E0EFF30980BFF36F8F19
:10020000134B1A681EF0100F08BF20ED108A20E96A
:10021000F04F106009B44FF0500080F31188BFF325
:100220004F8FBFF36F8F0FF03DFF4FF0000080F353
:10023000118809BC19680868B0E8F04F1EF0100F6B
:1002400008BFB0EC108A80F30988BFF36F8F704746
:1002500040000020EFF3058070470000064880470B
:1002600006480047FEE7FEE7FEE7FEE7FEE7FEE79B
:10027000FEE7FEE7FEE7FEE799CB000889010008EC
:100280002DE9F05F0546002092469B4688460646CB
:10029000814640241BE0284641464746224600F05E
:1002A000ECF953465A46C01A914110D311461846EC
:1002B000224600F0D3F92D1A67EB01084F4622467B
:1002C0000120002100F0CAF917EB00094E41201E61
:1002D000A4F10104DFDC484631462A464346BDE826
:1002E000F09F40EA01039B0703D009E008C9121FF1
:1002F00008C0042AFAD203E011F8013B00F8013BE0
:10030000521EF9D27047D2B201E000F8012B491E0B
:10031000FBD270470022F6E710B513460A460446A2
:100320001946FFF7F0FF204610BD421C10F8011BD4
:100330000029FBD1801A70472DE9FE4F804681EAE3
:100340000300C00F0C46009021F0004123F000454F
:10035000B8EB0200A94105D24046214690461C4612
:100360000B46024623F00040104347D0270DC7F349
:100370000A00C3F30A510290401A019040286BDA38
:10038000C3F3130040F4801B0098924620B1002371
:10039000D2EB030A63EB0B0B01985946C0F1400204
:1003A000504600F05BF906460D4650465946019A04
:1003B00000F073F910EB08006141002487EA115244
:1003C00084EAE7731A4340D0009A62B3019A012A83
:1003D0004FEA075215DC001B61EB02014FF00042AF
:1003E00002EA0752CDE90042001C41F58011324675
:1003F0002B4600F0AAF903B0BDE8F08F4046214635
:10040000F9E7001B61EB0201001C41F580130018A5
:100410005B412018A2F5001747EB030140EAD570B5
:10042000B6196D4111E06D084FEA360645EAC07510
:100430004FEA0752001B61EB0201001C41F58011DD
:1004400049084FEA30000019514132462B4603B0AB
:10045000BDE8F04F00F06AB9009801224000002387
:10046000D0EB020263EBE073009821464FEAE074A0
:10047000B8EB000061EB0401E9E783F000435BE7C0
:1004800081F0004158E72DE9FE4F81EA030404F0B2
:10049000004421F0004100944FF0000B23F0004392
:1004A00050EA01045ED052EA03045BD0C3F30A545D
:1004B000C1F30A552C44A4F2F3340194A0FB025476
:1004C000C1F3130141F48011C3F3130343F4801308
:1004D00001FB024400FB034E840A970A44EA81545C
:1004E00047EA8357A4FB076802958D0A05FB078539
:1004F0004FEA932C04FB0C542705029D4FEA065843
:1005000047EA1637B5EB08056EEB070C870E920E1F
:1005100047EA811742EA8312A7FB0201B6EB0B01FF
:1005200064EB00042B0D43EA0C335E1844EB1C50C3
:10053000DA465146E7FB0201C5F313044FEA0B33D9
:1005400043EA14534FEA0432019C43EA0603A4F140
:100550000C040294009CCDE900B400F0F6F803B05E
:10056000BDE8F08F00200146F9E7C1F30A5210B54B
:10057000C1F3130140F2FF3341F480119A4201DAD2
:10058000002010BD40F233439A42A2F2334203DC12
:10059000524200F072F810BD904010BD00F00042D1
:1005A00030F000400AD0C10D01F56071C0F31600B3
:1005B00042EA0151C208400711437047002001463A
:1005C0007047000030B5041E71F1000404DB4FF0E9
:1005D0000044404264EB0101141E73F1000405DB8A
:1005E0001C464FF00043524263EB04038B4208BFAA
:1005F000824230BD30B5041E71F1000404DB4FF0BF
:100600000044404264EB0101141E73F1000405DB59
:100610001C464FF00043524263EB0403994208BF6B
:10062000904230BD01F0004330B421F0004150EA67
:10063000010206D00A0DA2F56072C1F31301002A6F
:1006400002DC30BC00207047440F44EAC104C10002
:10065000E01830BC00EBC25000F031B8202A04DBB7
:10066000203A00FA02F1002070479140C2F12003C5
:1006700020FA03F3194390407047202A04DB203A04
:1006800021FA02F00021704721FA02F3D040C2F1B2
:1006900020029140084319467047202A06DBCB17F9
:1006A000203A41FA02F043EAE07306E041FA02F32D
:1006B000D040C2F1200291400843194670470029FA
:1006C000A8BF7047401C490008BF20F001007047D8
:1006D00010B4B0FA80FC00FA0CF050EA010404BF38
:1006E00010BC704749B1CCF1200421FA04F411FA8E
:1006F0000CF118BF012121430843A3EB0C01CB1DD2
:100700004FEA00614FEA102042BF002010BC704742
:1007100000EBC35010440029A4BF10BC7047401C1C
:10072000490008BF20F0010010BC704710B5141E2E
:1007300073F1000408DA401C41F1000192185B419A
:100740001A4301D120F0010010BD2DE9F04D924671
:100750009B4611B1B1FA81F202E0B0FA80F2203288
:100760009046FFF77BFF04460F4640EA0A0041EA45
:100770000B0153465A46084313D0114653EA010071
:1007800019D0C8F140025046FFF777FF05460E46E4
:10079000504659464246FFF761FF084305D0012005
:1007A00004E020463946BDE8F08D0020054346EAC6
:1007B000E0762C4337430A986305E40AA0EB08006F
:1007C0000022FD0A44EA47540A3002D500200146BF
:1007D000E9E7010510196941DDE90845001969419A
:1007E000BDE8F04DA2E70000064C074D06E0E068CA
:1007F00040F0010394E8070098471034AC42F6D368
:10080000FFF7C6FCCC240108EC24010870B58C1855
:1008100010F8015B15F0070301D110F8013B2A1114
:1008200006D110F8012B03E010F8016B01F8016B01
:100830005B1EF9D12B0705D40023521E0DD401F8FD
:10084000013BFAE710F8013BCB1A921C03E013F8C6
:10085000015B01F8015B521EF9D5A142D8D30020FB
:1008600070BD00009FED241AB5EE002A41F6C84382
:100870000021B7EE004AC0F6010320EE010A30EE77
:10088000020ABDEEC01AB5EEC00A11EE100AF1EE72
:1008900010FA9FED1A1AB8BF013802EE100AB8EE2E
:1008A000C22A30EE420A9FED162A20EE010ABDEE62
:1008B000C01A11EE100A30EE021A0246B1EB502FA8
:1008C00018BF002202EE102A03EB8203B1EB502F77
:1008D00018BFB0EE410AB8EE421A93ED002A93ED2C
:1008E000013A30EE410A34EE401A20EE030A21EEBE
:1008F000021A31EE000A704783F9223E00000044DC
:10090000000000C480B5B0F800E00B889E4555D1CA
:10091000B0F802C04B889C4550D113889E454DD1FC
:1009200053889C454AD15268496840680CFB0EFCCC
:100930000023B3EB9C0F2BD04FEA9C035B4200BF1C
:1009400091ED000A90ED001A013331EE000A82EDBC
:10095000000A91ED010A90ED011A31EE000A82EDD4
:10096000010A91ED020A90ED021A31EE000A82EDC1
:10097000020A91ED030A90ED031A01F1100100F152
:10098000100031EE000A82ED030A02F11002D7D105
:100990001CF0030310D05B4291ED000A90ED001AA9
:1009A000013301F1040100F1040031EE000A82ED8F
:1009B000000A02F10402EFD1002000E0FD2040B265
:1009C00080BD436042800180704700002DE9F04FF8
:1009D0008BB0B0F802E0B0F800B0F34540F05281BF
:1009E0000B88FD229B4540F04E814F88BB4240F072
:1009F0004A814768BBF1000F00F02C814C686FF012
:100A00000300009700274FF07E595E46CDF81CE0AA
:100A100000EB8B0820460694BBEB060008D0B9001B
:100A20002046FFF777FC0020013004348742FBD1D9
:100A300004F1040A751EC4F800900FD0A8EB8701DA
:100A40005046FFF767FC0120544600BF01300434D4
:100A50008642FBD10137002D2E46DDD1009FDDF807
:100A60001CE0BBF1000F00F0F580042039469FED3B
:100A70008A0A07EB8E0C3B1D4FEA8E05ABF1010491
:100A80007746CDF814B000EB8E0089460190CEF188
:100A900000000890002000BF584580F0F880069ABA
:100AA00000FB0EF16646B0EE403A02EB810209EB24
:100AB000810191ED001A099121460A92B0EE414A56
:100AC00007E000BF96ED004A72190139B0EE423AD4
:100AD0001646B5EEC04AF1EE10FA09DDB4EEC34A8F
:100AE000B0EE442AF1EE10FAD8BFB0EE432A08E087
:100AF000B1EE442AB4EEC23AF1EE10FA01DBB0EEE8
:100B0000432A0029DED1B5EE402AF1EE10FA00F0BA
:100B1000BE80B0EEC13AB4EE423AF1EE10FA1CBF1C
:100B2000C14311EB0B0104D0002100BF01318C4205
:100B3000FCD1B5EE401AF1EE10FA00F0A880CDE934
:100B4000034CAEEB000C4FF07E51099ABCF1010F43
:100B500011600AD001211A4692ED002A01318F421C
:100B600082EE012AA2EC012AF6D108990A9A00BF66
:100B700092ED002A013182EE012A82ED002A02F173
:100B80000402F5D10599DDF818A0ACF1010B4FF086
:100B900000084E46CDF80890804505D10AEB8E0A34
:100BA00006EB8C0638E000BF099A96ED001ABBF1FF
:100BB000000F92ED002A21EE022A31EE422AA6EC25
:100BC000012A16D00122002403EB040906EB040ECF
:100BD0000132043499ED002A9EED003A974221EE4D
:100BE000022A33EE422A8EED002AEDD1DDF81CE018
:100BF0002644089A0A9C00BF94ED002A9AED003A18
:100C0000013204F1040421EE022A33EE422A8AED75
:100C1000002A0AF1040AEFD106EB800608F1010868
:100C20000139B9D1039CDDF808900199DDF810C0B5
:100C3000DDF814B00130013F0B448C44A4F10104F1
:100C400009F104097FF428AFB5EE401A009FF1EED8
:100C500010FA1ED10EFB0BF10020002259B100BF8B
:100C600097ED000AB5EE400AF1EE10FA03D1013219
:100C700004378A42F4D38A4208BF6FF004000BB0F5
:100C8000BDE8F08FFD2250B20BB0BDE8F08FFB2223
:100C9000F9E70022F7E700BF000000002DE9F04F60
:100CA00089B046880B889E4240F08E800588138864
:100CB0009D4240F08980B1F802E053889E4540F0A3
:100CC00083800023446852684968B7089FED410A51
:100CD000A3EB9600089026F00300029206F00302B0
:100CE000019104EB800B07FB0EF001EB00104FEAC3
:100CF0008E01009050420790CDE903E602980695D8
:100D00000593DDE900AC00EB830800BF002FB0EED7
:100D1000401AE14620462FD0089D63462046B0EE9B
:100D2000401A00BF5E1893ED002A90ED003A90ED56
:100D3000014A90ED025A90ED036A1030013596EDAC
:100D4000007A06EB010323EE022A93ED003A0B44EE
:100D500031EE021A93ED002A24EE074A0B4431EEDD
:100D6000041A25EE033A31EE031A26EE022A31EE7A
:100D7000021AD7D1D14658466AB1079D99ED002A8B
:100D800090ED003A8944013500F1040023EE022A77
:100D900031EE021AF2D188ED001A0AF1040A0CF1C0
:100DA000040CBEF1010E08F10408AFD1049E069DAB
:100DB000DDF80CE0059B0BEB860B04EB860473441B
:100DC000013D9BD1002000E0FD2040B209B0BDE80C
:100DD000F08F00BF0000000080B5B0F800E00B8885
:100DE0009E4555D1B0F802C04B889C4550D1138820
:100DF0009E454DD153889C454AD152684968406808
:100E00000CFB0EFC0023B3EB9C0F2BD04FEA9C0392
:100E10005B4200BF91ED000A90ED001A013331EE04
:100E2000400A82ED000A91ED010A90ED011A31EEBF
:100E3000400A82ED010A91ED020A90ED021A31EEAC
:100E4000400A82ED020A91ED030A90ED031A01F1C6
:100E5000100100F1100031EE400A82ED030A02F1A8
:100E60001002D7D11CF0030310D05B4291ED000AB1
:100E700090ED001A013301F1040100F1040031EE9C
:100E8000400A82ED000A02F10402EFD1002000E0E6
:100E9000FD2040B280BD00002DE9F04F82B0B0F8D7
:100EA00000E04B889E454BD144880B889C4247D13B
:100EB00000234E6804F0030B40684FEA0E184FEA17
:100EC000940AA3EB9401CBF1000901914FEA8E0142
:100ED00032460096BAF1000F1CD0019F344600BF85
:100EE0002546046801372C6044686C5005EB01040A
:100EF000D0F808C044F801C00C44C26800F11000EA
:100F0000625004EB010202EB0104E9D105EB080792
:100F100003E000BF009A02EB8307BBF1000F07D08C
:100F20004D4600BF50F8042B01353A600F44F9D10B
:100F30000436BEF1010E03F10103CBD1002000E025
:100F4000FD2040B202B0BDE8F08F00009FED221AF4
:100F500041F6C8430021B7EE004AC0F6010320EE77
:100F6000010ABDEEC01AB5EEC00A11EE100AF1EE8C
:100F700010FA9FED1A1AB8BF013802EE100AB8EE47
:100F8000C22A30EE420A9FED162A20EE010ABDEE7B
:100F9000C01A11EE100A30EE021A0246B1EB502FC1
:100FA00018BF002202EE102A03EB8203B1EB502F90
:100FB00018BFB0EE410AB8EE421A93ED002A93ED45
:100FC000013A30EE410A34EE401A20EE030A21EED7
:100FD000021A31EE000A704783F9223E00000044F5
:100FE000000000C438B50020009000246C48006860
:100FF00002F051FD80216B4800680BF0A6FC5521E2
:10100000684800680BF0A1FC5521664800680BF0A9
:101010009CFC00906248006802F04CFD022003F046
:10102000ABFF5F48006802F036FD80215D48006834
:101030000BF08BFC55215B4800680BF086FC5521BA
:10104000584800680BF081FC00905548006802F099
:1010500031FD022003F090FF5148006802F01BFDB3
:101060007E21504800680BF070FCB6214D480068A6
:101070000BF06BFC4A48006802F01CFD502003F0A6
:101080007BFF4748006802F006FD80214548006864
:101090000BF05BFC5521434800680BF056FC5521D2
:1010A000404800680BF051FC00903D48006802F099
:1010B00001FD022003F060FF3948006802F0EBFCFC
:1010C0008021384800680BF040FC55213548006805
:1010D0000BF03BFC5521334800680BF036FC0090C8
:1010E0002F48006802F0E6FC022003F045FF9DF85F
:1010F00000001E2801D0FF2038BD00244CE0284805
:10110000006802F0C8FC04EB4400274A115C254843
:1011100000680BF01AFC04EB4400234A10444178A9
:10112000204800680BF011FC1D48006802F0C2FC6A
:10113000022003F021FF1A48006802F0ACFC04EB27
:101140004400194A105C40F08001164800680BF01A
:10115000FCFB5521134800680BF0F7FB55211148A3
:1011600000680BF0F2FB00900D48006802F0A2FC52
:10117000022003F001FF04EB44000B4908444078CF
:101180009DF80010884205D004EB4400064908444D
:101190008078B1E7601CC4B2062CB0DB0020ABE75E
:1011A000B0030020D8020020AC02002030B585B08A
:1011B00000250020009001900024FE48006802F005
:1011C0006AFC8021FC4800680BF0BFFB5521FA48FF
:1011D00000680BF0BAFB5521F74800680BF0B5FB2F
:1011E0000546F448006802F065FC022003F0C4FEE6
:1011F000F048006802F04FFC8021EF4800680BF0D7
:10120000A4FB5521EC4800680BF09FFB5521EA48F0
:1012100000680BF09AFB0546E648006802F04AFCBD
:10122000022003F0A9FEE348006802F034FC7E21AE
:10123000E14800680BF089FBB621DF4800680BF03D
:1012400084FBDC48006802F035FC502003F094FE7B
:10125000D848006802F01FFC8021D74800680BF0D6
:1012600074FB5521D44800680BF06FFB5521D24820
:1012700000680BF06AFB0546CE48006802F01AFCD5
:10128000022003F079FECB48006802F004FC8021C4
:10129000C94800680BF059FB5521C74800680BF09E
:1012A00054FB5521C44800680BF04FFB0546C1486C
:1012B000006802F0FFFB022003F05EFE1E2D02D04C
:1012C000FF2005B030BD00244CE0BA48006802F0B1
:1012D000E2FB04EB4400B94A115CB74800680BF02C
:1012E00034FB04EB4400B54A10444178B24800682E
:1012F0000BF02BFBAF48006802F0DCFB022003F090
:101300003BFEAC48006802F0C6FB04EB4400AB4A6D
:10131000105C40F08001A84800680BF016FB5521D6
:10132000A54800680BF011FB5521A34800680BF09D
:101330000CFB05469F48006802F0BCFB022003F04E
:101340001BFE04EB44009D4908444078A84204D0A9
:1013500004EB440008448078B3E7502003F00CFE0F
:10136000601CC4B2042CB0DB00248DE091480068FE
:1013700002F091FB201D00EB4000904A115C8E486A
:1013800000680BF0E2FA201D00EB40008B4A10448D
:101390004178894800680BF0D8FA8648006802F066
:1013A00089FB022003F0E8FD8248006802F073FB2D
:1013B000201D00EB4000814A105C40F080017E4817
:1013C00000680BF0C2FA55217B4800680BF0BDFAAB
:1013D0005521794800680BF0B8FA05467548006851
:1013E00002F068FB022003F0C7FD201D00EB400067
:1013F000724908444078A84205D0201D00EB400007
:10140000084480785DE7502003F0B6FD6948006825
:1014100002F041FB9221684800680BF096FA922195
:10142000654800680BF091FA062269466248006838
:101430000BF07BFA5F48006802F03CFB9DF801006E
:10144000000200B29DF80010084304EB440102AA18
:1014500022F811009DF80300000200B29DF802106E
:10146000084304EB440102EB410148809DF805006C
:10147000000200B29DF80410084304EB440102EBA3
:1014800041018880601CC4B2022CFFF66FAF49484E
:10149000006802F000FB6D21474800680BF055FA28
:1014A0000021454800680BF050FA4248006802F0FD
:1014B00001FB022003F060FD3E48006802F0EBFAF9
:1014C000ED213D4800680BF040FA55213A4800688C
:1014D0000BF03BFA5521384800680BF036FA054608
:1014E0003448006802F0E6FA022003F045FD0DB131
:1014F0000420E6E62F48006802F0CDFA7E212E484F
:1015000000680BF022FAB6212B4800680BF01DFA98
:101510002848006802F0CEFA502003F02DFDBDF9F6
:101520000800BDF90E10401A40F25551884210DBF8
:10153000BDF90A10BDF91000081A40F25551884251
:1015400007DBBDF90C10BDF91200081AB0F52A7FAF
:1015500001DA8020B5E61748006802F09CFA802185
:10156000154800680BF0F1F95521134800680BF09D
:10157000ECF95521104800680BF0E7F905460D48D5
:10158000006802F097FA022003F0F6FC09480068B0
:1015900002F081FA8021084800680BF0D6F9552145
:1015A000054800680BF0D1F95521034800680BF09D
:1015B000CCF905E0B0030020D8020020C8100108D3
:1015C00005460448006802F075FA022003F0D4FCD6
:1015D000002076E6B00300207CB500F0A7FA0446B0
:1015E0000020009001900420207003F0F1FD20669F
:1015F0008D48006802F04FFA92218C4800680BF089
:10160000A4F99221894800680BF09FF906226946E7
:10161000864800680BF089F98348006802F04AFAAE
:101620009DF80100000200B29DF80010084300EE92
:10163000100AB8EEC00A7E48D0ED000A20EE200A5B
:10164000D4ED140A20EE200A84ED010A9DF803006F
:10165000000200B29DF80210084300EE100AB8EE36
:10166000C00A7348D0ED000A20EE200AD4ED140A17
:1016700020EE200A84ED020A9DF80500000200B267
:101680009DF80410084300EE100AB8EEC00A68483E
:10169000D0ED000A20EE200AD4ED140A20EE200A34
:1016A00084ED030A6348006802F0F5F980215F4881
:1016B00000680BF04AF9082269465C4800680BF0A4
:1016C00034F95C48006802F0F5F99DF800000F2835
:1016D00076D194F85C00E0B39DF80300000200B2FC
:1016E0009DF80210084300EE100AF8EEC00A94EDCF
:1016F0000D0A514890ED001A10EE810A84ED050A9A
:101700009DF80500000200B29DF80410084300EEA9
:10171000100AF8EEC00A94ED0E0A474890ED001A40
:1017200010EE810A84ED060A9DF80700000200B25F
:101730009DF80610084300EE100AF8EEC00A94ED7A
:101740000F0A3D4890ED001A10EE810A84ED040A5C
:1017500036E0FFE79DF80300000200B29DF802109A
:10176000084300EE100AB8EEC00A3348D0ED000A74
:1017700020EE200A84ED050A9DF80500000200B263
:101780009DF80410084300EE100AB8EEC00A2A487B
:10179000D0ED000A20EE200A84ED060A9DF807002D
:1017A000000200B29DF80610084300EE100AB8EEE1
:1017B000C00A2148D0ED000A20EE200A84ED040A78
:1017C0001948006802F067F9A221184800680BF078
:1017D000BCF8A221154800680BF0B7F80222694650
:1017E000124800680BF0A1F80F48006802F062F997
:1017F0009DF80000C0009DF8011040EA6115B5F5A4
:10180000806F02DBA5F5006005B200EE105AF8EE1D
:10181000C00AB4EE001AB3EE070A00EE810A84EDA6
:10182000160A012020707CBDB0030020D8020020E1
:10183000D0020020B4030020D402002070B50024A0
:1018400000255E48006802F026F980215C480068A7
:101850000BF07BF855215A4800680BF076F80546E6
:101860005648006802F026F9022003F085FB534831
:10187000006802F010F98021514800680BF065F80B
:1018800055214F4800680BF060F805464B4800684A
:1018900002F010F9022003F06FFB4848006802F0E4
:1018A000FAF81421464800680BF04FF8B621444876
:1018B00000680BF04AF84148006802F0FBF850203D
:1018C00003F05AFB3D48006802F0E5F880213C48EF
:1018D00000680BF03AF85521394800680BF035F8EC
:1018E00005463648006802F0E5F8022003F044FBA4
:1018F0003248006802F0CFF88021314800680BF0D0
:1019000024F855212E4800680BF01FF805462B4897
:10191000006802F0CFF8022003F02EFB0F2D01D05B
:10192000FF2070BD002444E02448006802F0B3F8B2
:1019300004EB4400234A115C214800680BF005F8D1
:1019400004EB44001F4A104441781D4800680AF027
:10195000FCFF1A48006802F0ADF8022003F00CFB0F
:101960001648006802F097F804EB4400154A105C32
:1019700040F08001124800680AF0E7FF5521104846
:1019800000680AF0E2FF05460C48006802F092F891
:10199000022003F0F1FA04EB44000A4908444078BD
:1019A000A84204D004EB440008448078B9E7601CE6
:1019B000C4B2062CB8DB0020B3E70000B40300205B
:1019C000D8020020BE02002070B500250024554832
:1019D000006802F060F88021534800680AF0B5FF03
:1019E0005521514800680AF0B0FF05464D4800688F
:1019F00002F060F8022003F0BFFA4A48006802F0E3
:101A00004AF88021484800680AF09FFF552146485F
:101A100000680AF09AFF05464248006802F04AF85A
:101A2000022003F0A9FA3F48006802F034F81421BC
:101A30003D4800680AF089FFB6213B4800680AF07B
:101A400084FF3848006802F035F8502003F094FA1B
:101A50003448006802F01FF88021334800680AF01B
:101A600074FF5521304800680AF06FFF05462D4885
:101A7000006802F01FF8022003F07EFA294800688F
:101A800002F009F88021284800680AF05EFF55211D
:101A9000254800680AF059FF05462248006802F010
:101AA00009F8022003F068FA1E48006801F0F3FF0D
:101AB0003C211D4800680AF048FF01211A480068CF
:101AC0000AF043FF1748006801F0F4FF502003F0CC
:101AD00053FA00BF1348006801F0DDFFBC21124833
:101AE00000680AF032FF55210F4800680AF02DFF08
:101AF00005460C48006801F0DDFF022003F03CFAC7
:101B0000601CC4B205F0020008B90A2CE2DB0A2C02
:101B100001D1402070BD05F0040008B14020F9E774
:101B20000020F7E7B4030020D802002000487047E7
:101B30004489002030B589B0FFF7F8FF044600253E
:101B40000EE005A951F8250069460DF0EEFE684645
:101B50000CF096F901A800EB850080ED000A6D1CE1
:101B6000042DEEDB9DED010ADFED300AB4EEE00A54
:101B7000F1EE10FA23DC9DED020ADFED2C0AB4EE43
:101B8000E00AF1EE10FA1ADC9DED030ADFED270AF8
:101B9000B4EEE00AF1EE10FA11DC9DED040AF2EE6B
:101BA000060AB4EEE00AF1EE10FA08DC9DED040A34
:101BB000F2EE030AB4EEE00AF1EE10FA18D29FED4D
:101BC0001C0A84ED0D0A9FED1B0A84ED0E0A9FEDA1
:101BD000190A84ED0F0A9FED180A84ED130A94ED9B
:101BE000130ADFED160A80EE801A84ED141A1BE04A
:101BF00000200BE001A901EB800191ED000A04F146
:101C0000340101EB800181ED000A401C0328F1DB67
:101C10009DED040A84ED130A94ED130ADFED070A23
:101C200080EE801A84ED141A09B030BD8FC2753C65
:101C3000AC38223BB016CE393F161B41C3F51C41D0
:101C400070B50446FFF772FF054600F037F8FFF75E
:101C5000ADFA08B1802001E0FFF7C4F90C49087023
:101C6000FFF7B2FE08B1402001E0FFF7E7FD0849A9
:101C700008700CB100F04CF8FFF75CFF04480078E6
:101C800008B1022000E0012028700148007870BDF2
:101C90002403002070B5FFF749FF044603F098FACB
:101CA0000546206E281AC82801D902202070207805
:101CB000012800D170BD0020FCE7000010B5FFF73F
:101CC00035FF04469FED110A84ED010A9FED0F0ACE
:101CD00084ED020A9FED0D0A84ED030A9FED0B0AC5
:101CE00084ED050A9FED090A84ED060A9FED070AB7
:101CF00084ED040A9FED050A84ED160A012084F89C
:101D00005C0003F065FA206610BD000000000000D2
:101D100070B52DED068B8CB0FFF708FF0446002050
:101D200001900290002601F063FCBCEEC00AB0EE08
:101D300040AA00BF01F05CFCF8EE4A0A30EE600AEF
:101D4000F2EE040AB4EEE00AF1EE10FA10DD9FEDB7
:101D5000FE0A84ED0D0A9FEDFD0A84ED0E0A9FED4B
:101D6000FB0A84ED0F0A9FEDFA0A84ED130A3FE2A5
:101D70009FEDF80A01F0F8FB9FEDF70A84ED130AD6
:101D80009FEDF50A84ED0D0A9FEDF30A84ED0E0A2E
:101D90009FEDF10A84ED0F0A00258AE1EF48006803
:101DA00001F079FE9221EE4800680AF0CEFD922102
:101DB000EB4800680AF0C9FD062201A9E84800685E
:101DC0000AF0B3FDE548006801F074FE9DF80500D7
:101DD000000200B29DF80410084300EE100AB8EEAD
:101DE000C00AE048D0ED000A20EE200A84ED010A86
:101DF0009DF80700000200B29DF80610084300EEAF
:101E0000100AB8EEC00AD748D0ED000A20EE200A2A
:101E100084ED020A9DF80900000200B29DF8081046
:101E2000084300EE100AB8EEC00ACE48D0ED000A12
:101E300020EE200A84ED030AD4ED010A60EEA00A28
:101E400094ED021AD4ED021A41EE210A94ED031A20
:101E5000D4ED031A41EE210AB0EE600A0BF014FF34
:101E6000B0EE408A94ED130A30EE080A84ED130AAE
:101E7000BD48006801F00FFE8021B94800680AF0F3
:101E800064FD082201A9B64800680AF04EFDB64874
:101E9000006801F00FFE9DF804000F284DD19DF859
:101EA0000700000200B29DF80610084300EE100A79
:101EB000B8EEC00AAD48D0ED000A20EE200A84ED4D
:101EC000050A9DF80900000200B29DF808100843B9
:101ED00000EE100AB8EEC00AA448D0ED000A20EEC9
:101EE000200A84ED060A9DF80B00000200B29DF85E
:101EF0000A10084300EE100AB8EEC00A9B48D0ED65
:101F0000000A20EE200A84ED040A94ED0D0AD4EDB7
:101F1000050A30EE200A84ED0D0A94ED0E0AD4ED88
:101F2000060A30EE200A84ED0E0A94ED0F0AD4ED75
:101F3000040A30EE200A84ED0F0AE5B9F0EE488A73
:101F4000F0EE489A94ED050A8DED090A94ED050A24
:101F50008DED060A94ED060A8DED0A0A94ED060A47
:101F60008DED070A94ED040A8DED0B0A94ED040A39
:101F70008DED080A5BE0B4EEE88AF1EE10FA01DDBF
:101F8000F0EE488AB4EEE98AF1EE10FA01D2F0EEF2
:101F9000489A94ED050ADDED090AB4EEE00AF1EE87
:101FA00010FA03DD94ED050A8DED090A94ED050A9A
:101FB000DDED060AB4EEE00AF1EE10FA03D294ED7C
:101FC000050A8DED060A94ED060ADDED0A0AB4EE67
:101FD000E00AF1EE10FA03DD94ED060A8DED0A0A2F
:101FE00094ED060ADDED070AB4EEE00AF1EE10FA10
:101FF00003D294ED060A8DED070A94ED040ADDED97
:102000000B0AB4EEE00AF1EE10FA03DD94ED040AD7
:102010008DED0B0A94ED040ADDED080AB4EEE00A3A
:10202000F1EE10FA03D294ED040A8DED080A38EEB1
:10203000E99A002012E009A901EB800191ED000A64
:1020400006A901EB8001D1ED000A30EE600A03A978
:1020500001EB800181ED000A411CC8B20328EADBD4
:10206000B6EE000AB4EEC09AF1EE10FA1ADC9DED5D
:10207000030ADFED3F0AB4EEE00AF1EE10FA11DCDC
:102080009DED040ADFED3A0AB4EEE00AF1EE10FA33
:1020900008DC9DED050ADFED360AB4EEE00AF1EE4C
:1020A00010FA00DD0AE09FED330A01F05DFA681CCA
:1020B00085B2314800888542FFF670AE00BFD4ED8E
:1020C000130A2D48008800EE100AB8EE400A80EE90
:1020D000801A84ED131A002015E004F1340101EB9D
:1020E0008001D1ED000A2449098800EE101AB8EEEB
:1020F000400A80EE801A04F1340101EB800181ED89
:10210000001A411CC8B20328E7DB701C06B2B6EE09
:10211000000AB4EEC09AF1EE10FA3FF70BAE94ED60
:10212000130ADFED160A30EE600AB0EEC00AF6EED2
:10213000000AB4EEE00AF1EE10FAEEDC9DED030ABF
:10214000DFED0B0A1CE00000AC38223BB016CE39A4
:102150003F161B410AD7A33B00000000B00300203C
:10216000D8020020D0020020B4030020D4020020B6
:102170009A99193E6F12033A26030020CDCC1C41D8
:10218000B4EEE00AF1EE10FAC7DC9DED040A5FED53
:10219000080AB4EEE00AF1EE10FABEDC9DED050A85
:1021A0005FED0D0AB4EEE00AF1EE10FAB5DC94ED45
:1021B0000D0AB0EEC00ADFED150AB4EEE00AF1EE4A
:1021C00010FAAADC94ED0E0AB0EEC00ADFED0F0A99
:1021D000B4EEE00AF1EE10FA9FDC94ED0F0AB0EED7
:1021E000C00ADFED0A0AB4EEE00AF1EE10FA94DC60
:1021F00000BF94ED130ADFED060A80EE801A84ED2D
:10220000141A0CB0BDEC068B70BD00000AD7233C3D
:10221000C3F51C41D2ED020A92ED021AB6EE000A95
:1022200000EEC10AD2ED030A92ED031A00EEC10AD4
:10223000D0ED000A20EE200AD2ED010A92ED021A3A
:1022400060EE810A92ED001AD2ED031A41EE610AA6
:1022500090ED011A00EE810AD2ED010A92ED031A07
:1022600060EE810A92ED001AD2ED021A41EE210AC7
:1022700090ED021A00EE810AF0EE000A20EE200A2C
:1022800081ED000A92ED010AD2ED020A20EE200A49
:10229000D2ED000A92ED031A00EE810AD0ED000A99
:1022A00060EE200A92ED011AD2ED011AB6EE000A94
:1022B00001EE610AD2ED031A92ED032AB0EE401A44
:1022C00001EEC21AD0ED011AB0EE600A01EE210A49
:1022D000D2ED020A92ED031A60EE810A92ED001A25
:1022E000D2ED011A41EE610A90ED021A00EE810A68
:1022F000F0EE000A20EE200A81ED010A92ED010ABB
:10230000D2ED030A20EE200AD2ED000A92ED021A65
:1023100000EEC10AD0ED000A20EE200AD2ED020A3A
:1023200092ED031A60EE810A92ED001AD2ED011AC5
:1023300041EE210A90ED011A00EE810A92ED011A98
:10234000D2ED011AF6EE000A41EE610A92ED021A90
:10235000D2ED021A41EE610A90ED021A00EE810AF6
:10236000F0EE000A20EE200A81ED020A704700BF5D
:10237000FEE7000010B5024802F0CCF810BD0000E6
:10238000480C002010B5024802F0C4F810BD00004F
:10239000700C002030B5034613B94FF6FF7030BD06
:1023A00009E013F8014B82EA0400C0B2054D35F88C
:1023B000100080EA2222081EA1F10101F1D110468D
:1023C000EDE70000F419010830B5034605E013F805
:1023D000010B80EA02040448025D081EA1F101011C
:1023E000F5D1104630BD0000F418010870B505465F
:1023F0000C4600260DB1022C01D8002070BDA11E94
:10240000094802882846FFF7C5FF0646F1B2A01E1C
:10241000285C814206D1601E285CB0EB162F01D1EA
:102420000120EBE70020E9E7F804002070B505463D
:102430000C4600260DB1022C01D8002070BD611E93
:10244000064802782846FFF7BFFF0646601E285C54
:10245000B04201D10120F1E70020EFE7F5040020B0
:1024600000E07047FDE7000030B58BB00546194825
:10247000854202D10020069001E00E200690002047
:102480000790012008900020019002900390049092
:102490000590012009900E200A9001A9284601F01C
:1024A000C3FE044614B12046FFF7DAFF284602F0C7
:1024B000F8FA044614B12046FFF7D2FF022128465D
:1024C00001F0F8FD044614B12046FFF7C9FF0BB038
:1024D00030BD0000480C002010B5016042600024AF
:1024E000C46084600361047510BD000070B50546CA
:1024F0000C4616460E48854210D1206840B9314638
:102500000C480BF04CFD31460A480CF065FE05E026
:10251000324628462369216806F0ACF80648854211
:1025200005D1324628462369216806F0A3F870BD1C
:10253000480C0020AC8C0020700C0020F8B505463B
:102540000E4617466B463A463146284601F0C7FD0F
:10255000044614B12046FFF783FFF8BD00487047DA
:10256000A47D002070B5FFF7F9FF044600F01CFFC2
:10257000054600200AE000EB800101EBC00104EBFE
:102580004111897B012900D070BD401C0428F2DB79
:10259000D5ED060AB0EE600A04F1140006F0C0FDA5
:1025A0003448D0ED020AB0EE600A04F1140006F0DF
:1025B000B4FD04F1680104F1140006F05DFA9FED2A
:1025C0002E0A2C4806F048FAD5ED070AB0EE600A4C
:1025D00004F5DA7006F0A4FD2848D0ED020AB0EE4A
:1025E000600A04F5DA7006F098FD04F5027104F54E
:1025F000DA7006F041FA9FED200A204806F02CFA26
:10260000D5ED080AB0EE600A04F5557006F088FDB5
:102610001B48D0ED020AB0EE600A04F5557006F0D2
:102620007CFD04F56A7104F5557006F025FA9FEDFE
:10263000120A134806F010FAD5ED090AB0EE600A46
:1026400004F2F44006F06CFD0E48D0ED020AB0EE44
:10265000600A04F2F44006F060FD04F5A96104F29A
:10266000F44006F009FA9FED040A064806F0F4F972
:1026700000BF89E7548500209A99993EA8850020DB
:10268000FC8500205086002000B58DB0FFF766FF66
:102690000C9000200B902BE001210B9800EB8002A6
:1026A00002EBC0020C9800EB421081730B9800EB18
:1026B000800202EBC0020C9800EB4210C1739FED48
:1026C000FE0A0B9800EB800101EBC0010C9800EBB7
:1026D000411080ED000A00210B9800EB800202EB14
:1026E000C0020C9800EB421041730B98401C0B90F9
:1026F0000B980428D0DBF14890ED100A8DED0B0A01
:1027000090ED0F0A8DED0A0A90ED0B0A8DED090A86
:1027100090ED0A0A8DED080A90ED060A8DED070A84
:1027200090ED050A8DED060A90ED040A8DED050A7F
:1027300090ED030A8DED040A90ED020A8DED030A77
:1027400090ED010A8DED020A90ED000A8DED010A6F
:1027500000219DED0B5ADDED0A4A9DED094ADDEDA4
:10276000083A9DED073ADDED062A9DED052ADDEDDF
:10277000041A9DED031ADDED020A9DED010A0C9885
:10278000683006F085FCCE4890ED100A8DED0B0AFE
:1027900090ED0F0A8DED0A0A90ED0B0A8DED090AF6
:1027A00090ED0A0A8DED080A90ED060A8DED070AF4
:1027B00090ED050A8DED060A90ED040A8DED050AEF
:1027C00090ED030A8DED040A90ED020A8DED030AE7
:1027D00090ED010A8DED020A90ED000A8DED010ADF
:1027E00000219DED0B5ADDED0A4A9DED094ADDED14
:1027F000083A9DED073ADDED062A9DED052ADDED4F
:10280000041A9DED031ADDED020A9DED010A0C98F4
:10281000EC3006F03DFCAB4890ED100A8DED0B0A54
:1028200090ED0F0A8DED0A0A90ED0B0A8DED090A65
:1028300090ED0A0A8DED080A90ED060A8DED070A63
:1028400090ED050A8DED060A90ED040A8DED050A5E
:1028500090ED030A8DED040A90ED020A8DED030A56
:1028600090ED010A8DED020A90ED000A8DED010A4E
:1028700002219DED0B5ADDED0A4A9DED094ADDED81
:10288000083A9DED073ADDED062A9DED052ADDEDBE
:10289000041A9DED031ADDED020A9DED010A0C9864
:1028A00000F5B87006F0F4FB874890ED100A8DED46
:1028B0000B0A90ED0F0A8DED0A0A90ED0B0A8DEDD3
:1028C000090A90ED0A0A8DED080A90ED060A8DEDD1
:1028D000070A90ED050A8DED060A90ED040A8DEDCC
:1028E000050A90ED030A8DED040A90ED020A8DEDC4
:1028F000030A90ED010A8DED020A90ED000A8DEDBC
:10290000010A00219DED0B5ADDED0A4A9DED094AB1
:10291000DDED083A9DED073ADDED062A9DED052A2D
:10292000DDED041A9DED031ADDED020A9DED010AAD
:102930000C9800F5027006F0ABFB644890ED100AAD
:102940008DED0B0A90ED0F0A8DED0A0A90ED0B0A42
:102950008DED090A90ED0A0A8DED080A90ED060A40
:102960008DED070A90ED050A8DED060A90ED040A3B
:102970008DED050A90ED030A8DED040A90ED020A33
:102980008DED030A90ED010A8DED020A90ED000A2B
:102990008DED010A00219DED0B5ADDED0A4A9DEDFA
:1029A000094ADDED083A9DED073ADDED062A9DED79
:1029B000052ADDED041A9DED031ADDED020A9DEDF9
:1029C000010A0C9800F5237006F062FB3D4890ED7B
:1029D000100A8DED0B0A90ED0F0A8DED0A0A90EDAD
:1029E0000B0A8DED090A90ED0A0A8DED080A90EDAB
:1029F000060A8DED070A90ED050A8DED060A90EDA9
:102A0000040A8DED050A90ED030A8DED040A90EDA0
:102A1000020A8DED030A90ED010A8DED020A90ED98
:102A2000000A8DED010A02219DED0B5ADDED0A4AE7
:102A30009DED094ADDED083A9DED073ADDED062AE8
:102A40009DED052ADDED041A9DED031ADDED020A68
:102A50009DED010A0C9800F5447006F019FB1C4826
:102A600090ED100A8DED0B0A90ED0F0A8DED0A0A1C
:102A700090ED0B0A8DED090A90ED0A0A8DED080A1A
:102A800090ED060A8DED070A90ED050A8DED060A18
:102A900090ED040A8DED050A90ED030A8DED040A10
:102AA00090ED020A8DED030A90ED010A8DED020A08
:102AB00090ED000A0EE0000000000000D4150108AF
:102AC0008415010824160108C416010874160108AB
:102AD000641701088DED010A00219DED0B5ADDED13
:102AE0000A4A9DED094ADDED083A9DED073ADDED14
:102AF000062A9DED052ADDED041A9DED031ADDED94
:102B0000020A9DED010A0C9800F56A7006F0C0FA01
:102B1000B74890ED100A8DED0B0A90ED0F0A8DED80
:102B20000A0A90ED0B0A8DED090A90ED0A0A8DED67
:102B3000080A90ED060A8DED070A90ED050A8DED65
:102B4000060A90ED040A8DED050A90ED030A8DED5D
:102B5000040A90ED020A8DED030A90ED010A8DED55
:102B6000020A90ED000A8DED010A00219DED0B5A3D
:102B7000DDED0A4A9DED094ADDED083A9DED073A83
:102B8000DDED062A9DED052ADDED041A9DED031A03
:102B9000DDED020A9DED010A0C9800F22C4006F0D2
:102BA00077FA944890ED100A8DED0B0A90ED0F0A1C
:102BB0008DED0A0A90ED0B0A8DED090A90ED0A0AD7
:102BC0008DED080A90ED060A8DED070A90ED050AD5
:102BD0008DED060A90ED040A8DED050A90ED030ACD
:102BE0008DED040A90ED020A8DED030A90ED010AC5
:102BF0008DED020A90ED000A8DED010A02219DED96
:102C00000B5ADDED0A4A9DED094ADDED083A9DEDCE
:102C1000073ADDED062A9DED052ADDED041A9DED4E
:102C2000031ADDED020A9DED010A0C9800F596608D
:102C300006F02EFA704890ED100A8DED0B0A90ED1B
:102C40000F0A8DED0A0A90ED0B0A8DED090A90ED41
:102C50000A0A8DED080A90ED060A8DED070A90ED3F
:102C6000050A8DED060A90ED040A8DED050A90ED3A
:102C7000030A8DED040A90ED020A8DED030A90ED32
:102C8000010A8DED020A90ED000A8DED010A002186
:102C90009DED0B5ADDED0A4A9DED094ADDED083A3E
:102CA0009DED073ADDED062A9DED052ADDED041ABE
:102CB0009DED031ADDED020A9DED010A0C9800F569
:102CC000A96006F0E5F94D4890ED100A8DED0B0A6C
:102CD00090ED0F0A8DED0A0A90ED0B0A8DED090AB1
:102CE00090ED0A0A8DED080A90ED060A8DED070AAF
:102CF00090ED050A8DED060A90ED040A8DED050AAA
:102D000090ED030A8DED040A90ED020A8DED030AA1
:102D100090ED010A8DED020A90ED000A8DED010A99
:102D200000219DED0B5ADDED0A4A9DED094ADDEDCE
:102D3000083A9DED073ADDED062A9DED052ADDED09
:102D4000041A9DED031ADDED020A9DED010A0C98AF
:102D500000F2CC5006F09CF9264890ED100A8DED5B
:102D60000B0A90ED0F0A8DED0A0A90ED0B0A8DED1E
:102D7000090A90ED0A0A8DED080A90ED060A8DED1C
:102D8000070A90ED050A8DED060A90ED040A8DED17
:102D9000050A90ED030A8DED040A90ED020A8DED0F
:102DA000030A90ED010A8DED020A90ED000A8DED07
:102DB000010A02219DED0B5ADDED0A4A9DED094AFB
:102DC000DDED083A9DED073ADDED062A9DED052A79
:102DD000DDED041A9DED031ADDED020A9DED010AF9
:102DE0000C9800F5CA6006F053F90DB000BD000064
:102DF000141701082416010804180108B417010863
:102E000010B5FFF7ABFB044600200AE000EB8001A1
:102E100001EBC00104EB4111C97B012900D010BDB9
:102E2000401C0428F2DB024805F0D1FD00BFF6E7A4
:102E30008484002000B5014600F0B6FA0246117005
:102E400000BD000010B52DED048BB0EE408AF0EE11
:102E5000608AB0EE419A00F0A7FA0446207805286F
:102E60007DD2DFE800F003206AD7FD009FEDFE0A67
:102E700084ED010A9FEDFC0A84ED020A9FEDFA0A37
:102E800084ED030A9FEDF80A84ED060A9FEDF60A29
:102E900084ED070A9FEDF40A84ED080A9FEDF20A1B
:102EA00084ED090A26E2F14890ED000A28EE000AB6
:102EB00084ED010AEE4890ED000A28EE800A84EDC8
:102EC000020AEC4890ED000A29EE000A84ED030A9C
:102ED00094ED010AB1EE400AD4ED020A30EE600A28
:102EE000D4ED030A30EE600A84ED060A94ED010A7F
:102EF000D4ED020A30EE600AD4ED030A30EE600A27
:102F000084ED070A94ED010AD4ED020A30EE200A9E
:102F1000D4ED030A30EE600A84ED080A94ED010A4C
:102F2000B1EE400AD4ED020A30EE200AD4ED030AD5
:102F300030EE600A84ED090ADCE1CC4890ED000A2D
:102F400028EE000A84ED010AC94890ED000A28EE37
:102F5000800A84ED020AC84890ED000A00E0C8E14A
:102F600029EE000A84ED030A94ED030AC348D0ED6C
:102F7000000AB4EEE00AF1EE10FA04DD90ED000A6A
:102F800084ED030A11E094ED030ABC48D0ED000A79
:102F9000F1EE600AB4EEE00AF1EE10FA05D290ED1F
:102FA000000AB1EE400A84ED030A94ED010AB1EE85
:102FB000400AD4ED020A30EE600AD4ED030A30EE86
:102FC000600A84ED060A94ED010AD4ED020A30EE9F
:102FD000600AD4ED030A30EE600A84ED070A94ED2E
:102FE000010AD4ED020A30EE200AD4ED030A30EED5
:102FF000600A84ED080A94ED010AB1EE400AD4EDAE
:10300000020A30EE200AD4ED030A30EE600A84EDA5
:10301000090A6FE1954890ED000A28EE000A84ED58
:10302000010A934890ED000A28EE800A84ED020A16
:10303000934890ED000A29EE000A84ED030AD4EDCE
:10304000050AF1EE600A9FED8F1A70EE810AB0EE6C
:10305000600AFDF707FCD4ED010AF1EE600A00E01A
:10306000ECE060EE209AD4ED050AF1EE600AB0EED5
:10307000600AFDF76BFFD4ED020A40EEC09AD4ED72
:10308000050AF1EE600AB0EE600AFDF7EBFBD4ED45
:10309000020A40EEC09AD4ED050AF1EE600A9FEDF7
:1030A000791A70EE810AB0EE600AFDF74FFFD4ED99
:1030B000010A40EEC09A94ED030A39EEC00A84ED8D
:1030C000060AD4ED050AF1EE600A9FED6E1A70EE65
:1030D000810AB0EE600AFDF7C5FBD4ED010AF1EEFE
:1030E000600A60EE209AD4ED050AF1EE600AB0EEB7
:1030F000600AFDF72BFFD4ED020A40EE809AD4ED72
:10310000050AF1EE600AB0EE600AFDF7ABFBD4ED04
:10311000020A40EEC09AD4ED050AF1EE600A9FED76
:10312000591A70EE810AB0EE600AFDF70FFFD4ED78
:10313000010A40EE809A94ED030A39EEC00A84ED4C
:10314000070AD4ED050AF1EE600A9FED4E1A70EE03
:10315000810AB0EE600AFDF785FBD4ED010A60EE4E
:10316000209AD4ED050AF1EE600AB0EE600AFDF790
:10317000EDFED4ED020A40EE809AD4ED050AF1EEA0
:10318000600AB0EE600AFDF76DFBD4ED020A40EE76
:10319000809AD4ED050AF1EE600A9FED3A1A70EEBE
:1031A000810AB0EE600AFDF7D1FED4ED010A40EECF
:1031B000809A94ED030A39EEC00A84ED080AD4ED32
:1031C000050AF1EE600A9FED2F1A70EE810AB0EE4B
:1031D000600AFDF747FBD4ED010A60EE209AD4EDBA
:1031E000050AF1EE600AB0EE600AFDF7AFFED4ED1D
:1031F000020A40EEC09AD4ED050AF1EE600AB0EE84
:10320000600AFDF72FFBD4ED020A40EE809AD4ED60
:10321000050AF1EE600A9FED1B1A70EE810AB0EE0E
:10322000600AFDF793FED4ED010A40EEC09A94EDDA
:10323000030A39EEC00A84ED090A5BE00B4890ED01
:10324000000A28EE000A84ED010A094890ED000A00
:1032500028EE800A84ED020A064890ED000A29EE65
:10326000000A84ED030A0FE000000000D0120108FC
:10327000D4120108D8120108DC120108E01201087A
:10328000E4120108DB0FC93F94ED010AB1EE400AD8
:10329000D4ED020A30EE600AD4ED030A30EE600A83
:1032A00084ED060A94ED010AD4ED020A30EE600ABC
:1032B000D4ED030A30EE600A84ED070A94ED010AAA
:1032C000D4ED020A30EE200AD4ED030A30EE600A93
:1032D00084ED080A94ED010AB1EE400AD4ED020A29
:1032E00030EE200AD4ED030A30EE600A84ED090ABC
:1032F00000BF00BF00BFBDEC048B10BD10B52DEDAD
:10330000028BB0EE408AF0EE608A00F04DF8044681
:10331000B5EEC08AF1EE10FA0DDBB4EEE88AF1EEFC
:1033200010FA08D838EE680ADFED1D0A30EE200AE0
:1033300084ED040A0FE0B4EEE88AF1EE10FA0ADD3B
:103340009FED170AB4EEC08AF1EE10FA03D838EEFA
:10335000680A84ED040A94ED040ADFED120AB4EE63
:10336000E00AF1EE10FA10DB94ED040ADFED0C0A2E
:10337000B4EEE00AF1EE10FA07D894ED040ADFED9E
:10338000080A30EE600A84ED040AD4ED040AB0EEB7
:10339000600A05F00DF984ED050ABDEC028B10BD45
:1033A0000000B443000034430048704724840020E8
:1033B00000BF054809F0DEFAFFF7D4F8FFF720FD5B
:1033C00002200BF061F8F4E76484002004E006F0CA
:1033D00063F901200BF058F8F9E7000010B5024836
:1033E00001F000FC10BD00006810002010B502487C
:1033F00001F0F8FB10BD0000C810002010B5024815
:1034000001F0F0FB10BD0000A80F002010B502482D
:1034100001F0E8FB10BD00002811002010B50248A3
:1034200001F0E0FB10BD0000081000200146087804
:1034300010381823B0FBF3F20848805CC865032AF3
:1034400005D908686FF30900001D886503E0086866
:103450006FF309008865886D7047000064100108EB
:10346000014600208A6A8B69CBB932B1012A0DD09E
:10347000022A03D0032A10D10EE000BFCB6A03F06A
:103480008073B3F1807F00D1012007E0CB6AB3F1F4
:10349000C07F00D1012001E000E000BF34E08B6973
:1034A000B3F5005F1AD132B1012A07D0022A03D046
:1034B000032A11D10AE000BF01200EE0CB6A03F01D
:1034C0008073B3F1807F00D1012006E0CB6AB3F1B5
:1034D000C07F00D1012000E000BF15E032B1012A19
:1034E00005D0022A04D0032A0CD103E000BF00BF9C
:1034F000012008E0CB6A03F08073B3F1807F00D134
:10350000012000E000BF00BF704730B504682468A8
:1035100024F4802405682C60046863608468402C6F
:1035200004D10468A2600468E16003E00468A1605B
:103530000468E26030BD000008B5084840680090AB
:10354000074900980968884204D206480068401C70
:103550000449086002490098086008BD001000E0B6
:10356000F0030020EC0300200C494868F0EE400A0C
:1035700000BF0A494968091A01EE101AF8EE411A0B
:10358000074991ED001AB8EE411A20EE811AF4EEC7
:10359000C11AF1EE10FAECD370470000001000E001
:1035A000E003002010B52DED028B82B004460E48DA
:1035B0004068019020680199081A00EE100AF8EEA0
:1035C000400A0A4890ED000AB8EE400A80EE801AE0
:1035D000B0EE418A01982060FFF7AEFFB0EE480AD6
:1035E00002B0BDEC028B10BD001000E0E003002033
:1035F00010B52DED028B00F059F80F4890ED000A40
:10360000B8EE400A808800EE900AF8EE600A9FED5E
:103610000B1A00EE810A0848C08800EE900AF8EE06
:10362000600A9FED071A00EE810AB0EE408AB0EE04
:10363000480ABDEC028B10BDD80300206F12833AFC
:10364000BD3786351249096841F08071104A116012
:103650000021104A51601146096841F001011160D2
:103660000D4941430D4A1160114609684FF47A72C1
:10367000B1FBF2F10A4A116008490968064AB1FB38
:10368000F2F1084A11600021074A116070470000FA
:10369000FCED00E0001000E040420F00E0030020DD
:1036A000E4030020E8030020EC03002038B529489B
:1036B00040680090FFF740FF274800684FF0FF3157
:1036C000A0FB01310098181841F10001234A03C200
:1036D000234800232149026803C9FCF7D1FD214A90
:1036E00003C220480CC81E4800680024A2FB001535
:1036F00003FB005002FB04021848D0E90030591ABD
:1037000060EB0200184AC2E9001016480068174929
:103710000860174800231449026803C9FCF7B0FD8C
:1037200012498880084680881149096841430E483B
:10373000D0E90030591A60F100000E4AC2E90010C9
:103740000D4800230B49026803C9FCF799FD07499E
:10375000C88038BD001000E0EC030020F803002012
:10376000E00300200004002008040020D80300200B
:10377000E403002010040020E8030020704700004C
:103780002DE9F04F8FB004460D4616461F46DDE981
:103790001AABDDE918890020CDE9069002900346B6
:1037A00001222146CDE908ABCDE90478CDE90056E8
:1037B00003900BA807F030F905490978884202D038
:1037C0000FB0BDE8F08F0BA807F04EF800BFF7E789
:1037D000E310010838B50A4C0A4D06F0F1FF00204D
:1037E00085F8C20102208DF8000000208DF801004C
:1037F000054A9378218910886A4607F0D5FA38BDC2
:10380000008C0020DB8D0020D411010838B504465F
:10381000074D06F0D5FF01208DF800008DF801401E
:10382000044A9378298910886A4607F0BDFA38BDA2
:10383000008C0020D41101082DE9FF4F93B00446FD
:1038400015461E46DDE921ABDDF88090249F06F089
:10385000B7FF3846FCF769FD00F0FF0823982B46B8
:103860002246CDE903ABCDE90198009605900FA85B
:10387000149907F04FF90B490978884202D017B024
:10388000BDE8F08F242106A8FCF744FD42463946E6
:1038900006A8FCF726FD06A90FA807F063FA00BFEB
:1038A000EDE70000E310010810B5082001F07AFBF5
:1038B00010BD10B5102001F075FB10BD10B5202013
:1038C00001F070FB10BDD2ED020A92ED021AB6EEC5
:1038D000000A00EEC10AD2ED030A92ED031A00EECF
:1038E000C10AD0ED000A20EE200AD2ED010A92EDC5
:1038F000021A60EE810A92ED001AD2ED031A41EE2F
:10390000210A90ED011A00EE810AD2ED010A92ED32
:10391000031A60EE810A92ED001AD2ED021A41EE0E
:10392000610A90ED021A00EE810AF0EE000A20EE24
:10393000200A81ED000A92ED010AD2ED020A20EE82
:10394000200AD2ED000A92ED031A00EEC10AD0ED72
:10395000000A60EE200A92ED011AD2ED011AB6EECD
:10396000000A01EE610AD2ED031A92ED032AB0EECD
:10397000401A01EEC21AD0ED011AB0EE600A01EE53
:10398000210AD2ED020A92ED031A60EE810A92ED4D
:10399000001AD2ED011A41EE210A90ED021A00EE52
:1039A000810AF0EE000A20EE200A81ED010A92ED74
:1039B000010AD2ED030A20EE200AD2ED000A92EDB0
:1039C000021A00EE810AD0ED000A20EE200AD2EDA4
:1039D000020A92ED031A60EE810A92ED001AD2ED0E
:1039E000011A41EE610A90ED011A00EE810A92ED92
:1039F000011AD2ED011AF6EE000A41EE610A92EDCB
:103A0000021AD2ED021A41EE610A90ED021A00EE9E
:103A1000810AF0EE000A20EE200A81ED020A7047CA
:103A200072B600BFFEE7F0EE400A90ED000AB5EE78
:103A3000C00AF1EE10FA08D990ED000AB7EE001AAC
:103A4000B4EEC10AF1EE10FA02DBB0EE600A704784
:103A500090ED000AB7EE001A31EE400A91ED011A1E
:103A600020EE010A90ED001A01EE200A81ED000A15
:103A700091ED000A81ED010A91ED000AE7E780ED82
:103A8000000A704710B50446A188206801F092FB37
:103A90002074207C10BD10B5044601F099FBA06095
:103AA000A1880022206801F08DFB2046FFF7EAFF85
:103AB000207410BD10B5044601F08AFBA060A188F7
:103AC0000122206801F07EFB2046FFF7DBFF207417
:103AD00010BD0A7802704A7842708A788270CA787B
:103AE00002710B7943714A7982718B79C371CA79FA
:103AF00002720B7A43724A7A82728B7AC372CA7AE2
:103B000002730B7B43734A7B82738A7BC2730A788E
:103B10000AB9002202704A780AB9002242708A78F3
:103B20000AB900228270CA780AB9002202710A79A1
:103B30000AB9002343714A790AB9002282718A794D
:103B40000AB90023C371CA790AB9002202720A7A3B
:103B50000AB9002343724A7A0AB9002282728A7A29
:103B60000AB90023C372CA7A0AB9002202730A7B17
:103B70000AB9002343734A7B0AB9002282738A7B05
:103B80000AB90022C273704770B52DED028B00F0A8
:103B900053F8044603F0BAF90546A079012802D08B
:103BA000BDEC028B70BD9FED1D0A84ED460A0AF044
:103BB00091FA95ED1C0ADFED1A0A60EE200A9FEDDE
:103BC000191A80EE810A1848D0ED000A30EE200A5A
:103BD000164880ED000A94ED000AD4ED450A70EE17
:103BE000600A94ED450A94ED461A01EE200A84ED30
:103BF000450A94ED450AD0ED000A0D4890ED001AF3
:103C0000B0EE408A00EEC18AB0EE480A00F0BEF97C
:103C1000084880ED100A00BFC2E70000CDCCCC3DC3
:103C2000DB0F4940000034434C0400209002002088
:103C300094020020AC8C00200048704720790020BE
:103C400010B5FFF7F9FF04460120A071E0719FED68
:103C5000370A84ED000A002060719FED350A84ED7B
:103C6000450A3448D0ED105AB0EE655AD0ED0F5ADF
:103C7000F0EE654AD0ED0B5AB0EE654AD0ED0A5A27
:103C8000F0EE653AD0ED065AB0EE653AD0ED055A41
:103C9000F0EE652AD0ED045AB0EE652AD0ED035A55
:103CA000F0EE651AD0ED025AB0EE651AD0ED015A69
:103CB000F0EE650AD0ED005AB0EE650A002104F17D
:103CC000600005F0E5F91C48D0ED105AB0EE655AD9
:103CD000D0ED0F5AF0EE654AD0ED0B5AB0EE654AC2
:103CE000D0ED0A5AF0EE653AD0ED065AB0EE653ADC
:103CF000D0ED055AF0EE652AD0ED045AB0EE652AF3
:103D0000D0ED035AF0EE651AD0ED025AB0EE651A06
:103D1000D0ED015AF0EE650AD0ED005AB0EE650A1A
:103D2000002104F1E40005F0B3F910BDCDCC4C3E08
:103D300000000000F01201084013010870B5FFF701
:103D40007BFF044600F09EF80546E079012800D08C
:103D500070BDE87B012800D0FAE7024804F037FE86
:103D600000BFF5E7B884002000B5FFF765FF014606
:103D7000D1ED000A70EE800AC1ED000AD1ED000A13
:103D80000D4890ED001AF4EEC10AF1EE10FA04DDD0
:103D9000D0ED000AC1ED000A0DE0D1ED000A0748A0
:103DA00090ED001AF4EEC10AF1EE10FA03D2D0ED54
:103DB000000AC1ED000A00BD580400205C04002088
:103DC00070B52DED028B00F05DF8044603F09EF80F
:103DD0000546A07B012802D0BDEC028B70BDD4ED5E
:103DE000000AB0EE600A04F1980005F099F9D5EDEB
:103DF0001F0AB0EE600A04F1980005F08EF904F194
:103E0000EC0104F1980004F037FE95ED1F0A184804
:103E100080ED000A04F1980005F017F8B0EE408A32
:103E200004F1140005F07CF9D5ED060AB0EE600A45
:103E300004F1140005F071F904F1680104F11400B3
:103E400004F01AFEB0EE000A0A4804F002FEB0EEDA
:103E5000000A094804F0FDFDB0EE000A074804F02E
:103E6000F8FDB0EE000A064804F0F3FD00BFB3E72A
:103E700098020020F88600204C870020A0870020B0
:103E8000F4870020004870473C7A002010B5FFF707
:103E9000F9FF04460120A073E0739FED350A84ED1D
:103EA000000A002060733348D0ED105AB0EE655A16
:103EB000D0ED0F5AF0EE654AD0ED0B5AB0EE654AE0
:103EC000D0ED0A5AF0EE653AD0ED065AB0EE653AFA
:103ED000D0ED055AF0EE652AD0ED045AB0EE652A11
:103EE000D0ED035AF0EE651AD0ED025AB0EE651A25
:103EF000D0ED015AF0EE650AD0ED005AB0EE650A39
:103F0000002104F1680005F0C3F81B48D0ED105AF9
:103F1000B0EE655AD0ED0F5AF0EE654AD0ED0B5A6F
:103F2000B0EE654AD0ED0A5AF0EE653AD0ED065A89
:103F3000B0EE653AD0ED055AF0EE652AD0ED045AA0
:103F4000B0EE652AD0ED035AF0EE651AD0ED025AB4
:103F5000B0EE651AD0ED015AF0EE650AD0ED005AC8
:103F6000B0EE650A002104F1EC0005F091F810BDF7
:103F70000000000090130108E013010800B5FFF7EE
:103F800081FF014681ED000A00BD000070B52DEDF6
:103F9000028BB0EE408A05F057FB0546FFF74CFE5A
:103FA000064602F0B3FF04460D4890ED000AB4EE59
:103FB000C08AF1EE10FA04DD90ED000ABDEC028B30
:103FC00070BD084890ED000AB4EEC08AF1EE10FA18
:103FD00002D290ED000AF1E7B0EE480AEEE70000E9
:103FE000440400204804002070B52DED028BB0EE93
:103FF000408A05F029FB044602F088FF0546E07D73
:10400000012804D1B0EE480ABDEC028B70BD95EDDD
:104010001F0AD4ED040A30EE600A1448D0ED000AFD
:10402000F1EE600AB4EEE00AF1EE10FA04D2B5EE59
:10403000C08AF1EE10FA12DC95ED1F0AD4ED040AE5
:1040400030EE600A0948D0ED000AB4EEE00AF1EE65
:1040500010FA07DDB5EEC08AF1EE10FA02D29FED3C
:10406000040AD1E7B0EE480ACEE700003004002091
:104070000000000004F0F3FC00BF0B4808F02EFF26
:10408000094807F097FF094809F050FFFFF77CFD4A
:10409000FFF796FEFFF752FE0449054809F019FFA5
:1040A00002200AF0F1F9E8E7EE780020AC8C00205D
:1040B000480C002010B5024692F82030012B01D0A8
:1040C000022B06D110684069084314686061002023
:1040D00010BD506A40F4802050620120F8E7F0B52E
:1040E00004460D461E4694F8207020688368A86830
:1040F00000B900E000BF012F01D0022F7DD103F0F5
:10410000806030B903F0006018B903F080500028D7
:104110007ED0C3F30161012088403060A86860B997
:10412000B5F800C0E86840EA4C5C206800F5C07053
:1041300000EB0110C0F800C00FE0D5E901C040EA73
:10414000CC00D5F80CC040EA0C00D4F800C00CF547
:10415000C07C0CEB011CCCF80000D5F810C0206826
:1041600000F5C07000EB0110C0F804C0287D0128E4
:104170000ED1206800F5C07000EB0110406840F4DB
:10418000807C206800F5C07000EB0110C0F804C00E
:10419000D079000692F806C040EA0C4092F805C0BB
:1041A00040EA0C2092F804C040EA0C00D4F800C0A9
:1041B0000CF5C07C0CEB011CCCF80C00D078000690
:1041C00092F802C040EA0C4092F801C040EA0C208C
:1041D00092F800C040EA0C00D4F800C00CF5C07C96
:1041E0000CEB011CCCF80800206800F5C07000EB57
:1041F0000110006840F0010C01E00FE008E02068C9
:1042000000F5C07000EB0110C0F800C00020F0BD48
:10421000606A40F4001060620120F8E7606A40F4D0
:10422000802060620120F2E7F0B504460A4694F867
:104230002050012D01D0022D7ED1424901F500719F
:10424000086840F001000860086820F47C500860AD
:104250000868566A40EA06200860107D00F01F06D4
:10426000012000FA06F3C8699843C861A1F50071FE
:10427000D069C8B9D1F80C029843C1F80C029088F3
:1042800080B2968940EA064601F51070576940F8F9
:104290003760108880B2168940EA064601F5107032
:1042A000576900EBC7004660D069012819D1D1F8E1
:1042B0000C021843C1F80C02908880B2168840EABC
:1042C000064601F51070576940F83760908980B252
:1042D000168940EA064601F51070576900EBC700E1
:1042E0004660906928B9D1F804029843C1F80402E5
:1042F00004E0D1F804021843C1F80402106928B997
:10430000D1F814029843C1F8140204E0D1F8140261
:104310001843C1F81402106A012804D1D1F81C0214
:104320001843C1F81C02D1F8000220F00100C1F8C6
:1043300000020020F0BDFFE7606A40F48020606268
:104340000120F7E700640040704770B5044694F818
:104350002050012D01D0022D7DD151B92068C068B7
:1043600000F0030080B9606A40F400106062012030
:1043700070BD2068006900F0030028B9606A40F44D
:10438000001060620120F3E7206800F5D87000EBB0
:104390000110006800F004009060906840B9206847
:1043A00000F5D87000EB01100068400D106007E0C8
:1043B000206800F5D87000EB01100068C00850605C
:1043C000206800F5D87000EB0110006800F00200D2
:1043D000D060206800F5D87000EB0110406800F054
:1043E0000F00082802D30820106108E0206800F5BB
:1043F000D87000EB0110406800F00F0010612068D9
:1044000000F5D87000EB0110406800F47F40000A0E
:104410009061206800F5D87000EB01104068000C36
:104420005061206800F5D87000EB011080681870AA
:10443000206800F5D87000EB0110806800F47F4020
:10444000000A5870206800F5D87000EB01108068F1
:1044500000F47F0000E03CE0000C9870206800F55C
:10446000D87000EB01108068000ED870206800F54D
:10447000D87000EB0110C0681871206800F5D87082
:1044800000EB0110C06800F47F40000A58712068FA
:1044900000F5D87000EB0110C06800F47F00000C3C
:1044A0009871206800F5D87000EB0110C068000E0C
:1044B000D87131B92068C06840F020002668F060EB
:1044C00005E02068006940F0200026683061002087
:1044D0004EE7606A40F480206062012048E70146B0
:1044E000002091F82020012A01D0022A11D10B6866
:1044F0009B6803F0806303B1401C0B689B6803F06A
:10450000006303B1401C0B689B6803F0805303B148
:10451000401C70472DE9F05F04460025206846697D
:104520002068D0F80490206887682068D0F80CA034
:104530002068D0F810B02068D0F8188006F001008C
:10454000002855D007F00100C0B101202168886023
:1045500007F0020018B1204600F0D3FA0EE007F091
:10456000040010B145F4006508E007F0080010B140
:1045700045F4805502E0204600F0C2FA07F480704E
:10458000C8B14FF480702168886007F4007018B1DA
:10459000204600F0B8FA0EE007F4806010B145F450
:1045A000005508E007F4006010B145F4804502E0D2
:1045B000204600F0A7FA07F48030C8B14FF48030ED
:1045C0002168886007F4003018B1204600F09DFA99
:1045D0000EE007F4802010B145F4004508E007F430
:1045E000002010B145F4803502E0204600F08CFA3E
:1045F00006F0080038B10AF0100020B145F400754B
:1046000010202168C86006F0040040B10AF00800DC
:1046100028B108202168C860204600F00DFA06F095
:10462000020038B12068C06800F0030010B12046D5
:1046300000F004FA06F0400038B10BF0100020B191
:1046400045F4806510202168086106F0200040B123
:104650000BF0080028B1082021680861204600F00E
:1046600005FA06F0100038B12068006900F0030078
:1046700010B1204600F0FCF906F4003040B109F01A
:10468000100028B1102021684860204600F008FA88
:1046900006F4803040B109F0080028B108202168F4
:1046A0004860204600F032FA06F4004088B309F072
:1046B000040078B306F4807020B108F0010008B15E
:1046C00045F0010506F4007020B108F0020008B1C1
:1046D00045F0020506F4806020B108F0040008B13E
:1046E00045F0040506F40060A0B108F0700088B140
:1046F00008F07000402817D006DC10280BD02028C6
:104700000CD0302819D10CE0502810D0602814D1DA
:1047100010E01DE019E045F008050FE045F0100538
:104720000CE045F0200509E045F0400506E045F0C5
:10473000800503E045F4807500E000BF00BF2068FD
:10474000806920F070002168886104202168486039
:104750002DB1606A284360622046FFF7F5FDBDE891
:10476000F09F70B504460CB9012070BD94F820008C
:1047700010B9204600F0B0F82068006840F0010051
:104780002168086000F024FD05460DE000F020FDE2
:10479000401B0A2808D9606A40F400306062052096
:1047A00084F820000120E0E72068406800F0010064
:1047B0000028EBD02068006820F002002168086023
:1047C00000F006FD05460DE000F002FD401B0A2842
:1047D00008D9606A40F400306062052084F8200047
:1047E0000120C2E72068406800F002000028EBD1F9
:1047F000207E012806D12068006840F080002168F2
:10480000086005E02068006820F0800021680860EA
:10481000607E012806D12068006840F040002168D1
:10482000086005E02068006820F04000216808600A
:10483000A07E012806D12068006840F02000216891
:10484000086005E02068006820F02000216808600A
:10485000E07E012806D12068006820F01000216861
:10486000086005E02068006840F0100021680860DA
:10487000207F012806D12068006840F008002168E8
:10488000086005E02068006820F0080021680860E2
:10489000607F012806D12068006840F0040021688C
:1048A000086005E02068006820F0040021680860C6
:1048B000D4E902010843216908436169084361683A
:1048C000491E08432168C86100206062012084F805
:1048D0002000002049E7000010B586B004461421EE
:1048E00001A8FBF717FD4E492068884241D14D4889
:1048F0000068401C4B4908600846006801280FD139
:1049000000BF002000904848006840F00070464911
:1049100008600846006800F00070009000BF00BF0B
:1049200000BF0020009040481038006840F00800A8
:104930003D49103908600846006800F00800009002
:1049400000BF00BF032001900220029000200390CE
:10495000032004900920059001A9344800F030FBA1
:1049600000220621142000F0FBFC142000F0E4FCDF
:1049700054E02F492068884250D100BF00200090A9
:104980002948006840F080602749086008460068B0
:1049900000F08060009000BF00BF22480068401C0B
:1049A000204908600846006801280FD100BF002098
:1049B00000901D48006840F000701B4908600846E0
:1049C000006800F00070009000BF00BF00BF002032
:1049D000009015481038006840F002001249103964
:1049E00008600846006800F00200009000BF00BFA9
:1049F0006020019002200290002003900320049088
:104A00000920059001A90B4800F0DAFA00220621DE
:104A1000402000F0A5FC402000F08EFC06B010BD48
:104A2000006400402800002040380240000C024092
:104A300000680040000402407047000070B5054661
:104A4000084B094A00212846FFF77FFC044614B1B1
:104A50002046FDF705FD034A03492846FDF746FDBC
:104A600070BD0000BC8F0020A08F002070470000A8
:104A700070B50546084B094A01212846FFF765FC39
:104A8000044614B12046FDF7EBFC034A03492846CF
:104A9000FDF72CFD70BD0000BC8F0020A08F002012
:104AA000704770B5044694F82000012822D10220F6
:104AB00084F820002068006820F001002168086068
:104AC00000F086FB05460DE000F082FB401B0A2843
:104AD00008D9606A40F400306062052084F8200044
:104AE000012070BD2068406800F001000028EBD173
:104AF0006062F6E7606A40F4002060620120F0E73F
:104B0000704770477047704770477047704770B57F
:104B10000446A56D00F05CFB064694F835000228BB
:104B200008D08020606500BF002084F8340000BFFA
:104B3000012070BD2068006820F016002168086020
:104B40002068406920F0800021684861206C08B925
:104B5000A06C28B12068006820F008002168086077
:104B60002068006820F001002168086010E000F073
:104B70002FFB801B05280BD920206065032084F8BB
:104B8000350000BF002084F8340000BF0320D0E7C8
:104B90002068006800F001000028E8D194F85C105B
:104BA0003F208840A860012084F8350000BF002025
:104BB00084F8340000BF00BFBBE7014691F8350020
:104BC000022803D08020486501207047052081F825
:104BD00035000868006820F001000A6810600020B5
:104BE000F3E70000F8B50446002000908C48006808
:104BF0004FF41651B0FBF1F7A56D2E6894F85C10D8
:104C000008208840304098B12068006800F0040017
:104C100070B12068006820F004002168086094F8F2
:104C20005C1008208840A860606D40F0010060655D
:104C300094F85C1001208840304068B120684069D9
:104C400000F0800040B194F85C1001208840A8601A
:104C5000606D40F00200606594F85C1004208840AC
:104C6000304068B12068006800F0020040B194F85C
:104C70005C1004208840A860606D40F0040060650E
:104C800094F85C1010208840304078B320680068A9
:104C900000F0080050B394F85C1010208840A86021
:104CA0002068006800F4802080B12068006800F46B
:104CB000002028B9206CC8B12046216C884715E037
:104CC000A06C98B12046A16C88470FE0206800686E
:104CD00000F4807028B92068006820F0080021687E
:104CE0000860206C10B12046216C884794F85C1055
:104CF000202088403040002865D02068006800F0FF
:104D0000100000285FD094F85C1020208840A86034
:104D100094F83500052828D12068006820F0160096
:104D2000216808602068406920F08000216848619F
:104D3000206C08B9A06C28B12068006820F0080039
:104D40002168086094F85C103F208840A86001202A
:104D500084F8350000BF002084F8340000BF206DC7
:104D600010B12046216D8847F8BD2068006800F426
:104D7000802080B12068006800F4002028B9606CB1
:104D800010B12046616C88471DE0E06BD8B1204629
:104D9000E16B884717E02068006800F4807068B90C
:104DA0002068006820F0100021680860012084F865
:104DB000350000BF002084F8340000BFE06B10B164
:104DC0002046E16B8847606D38B3606D00F00100EC
:104DD000F0B1052084F835002068006820F001005B
:104DE0002168086000BF0098401C0090B84200D9BC
:104DF00005E02068006800F001000028F3D100BF42
:104E0000012084F8350000BF002084F8340000BF82
:104E1000E06C10B12046E16C884700BFA4E70000B9
:104E20003C0000202DE9F0410446002500F0D0F9B7
:104E3000074614B90120BDE8F081606A00B100BFE7
:104E4000022084F8350000BF002084F8340000BF41
:104E50002068006820F00100216808600AE000F086
:104E6000B7F9C01B052805D920206065032084F808
:104E70003500E0E72068006800F001000028EED16E
:104E80002068056821480540D4E901010843E1682C
:104E900008432169084361690843A1690843E1693E
:104EA0000843216A08430543606A042803D1D4E912
:104EB0000B0108430543206805602068456925F01B
:104EC0000705606A0543606A04280DD1A06A05439E
:104ED000E06A48B12046FEF7C3FA28B14020606579
:104EE000012084F83500A6E7206845612046FEF7DA
:104EF0009DFA064694F85C103F208840B060002080
:104F00006065012084F83500002094E73F8010F0B0
:104F10002DE9F04104460D4616461F464FF00008A5
:104F200000BF94F83400012802D10220BDE8F081CE
:104F3000012084F8340000BF94F83500012811D115
:104F4000022084F83500002060653B463246294641
:104F50002046FEF7DAFA2068006840F00100216878
:104F6000086006E000BF002084F8340000BF4FF066
:104F700002084046DAE7000070B5044600F028F960
:104F800006462546681C10B104480078054400BF59
:104F900000F01EF9801BA842FAD370BD3800002033
:104FA0007047000010B5044604480068204020B156
:104FB000024804602046FFF7F3FF10BD143C014097
:104FC000F8B502460B460025002400200021D6E05B
:104FD000012606FA01F51E6806EA0504AC4274D102
:104FE0001E7906F00306012E04D01E7906F0030692
:104FF000022E13D190684F000326BE40B0434F00ED
:10500000DE68BE4030439060506801268E40B04359
:105010001E79C6F300168E40304350601E7906F0AC
:105020000306032E09D0D0684F000326BE40B043CC
:105030004F009E68BE403043D0601E7906F00306E4
:10504000022E13D1CF0802F1200656F827004E0792
:10505000F70E0F26BE40B0434F07FF0E1E69BE403D
:105060003043CF0802F1200646F8270010684F00B1
:105070000326BE40B0431E7906F003064F00BE4033
:10508000304310605E6806F44036002E76D000BFD4
:10509000002600963C4E366846F480463A4F3E6005
:1050A0003E46366806F48046009600BF00BF374E85
:1050B0008F0856F827008E07370F0F26BE40B043E3
:1050C000334EB24202D1002624E057E0314EB242C4
:1050D00001D101261EE0304EB24201D1022619E074
:1050E0002E4EB24201D1032614E02D4EB24201D120
:1050F00004260FE02B4EB24201D105260AE02A4ECB
:10510000B24201D1062605E0284EB24201D107265F
:1051100000E008268F073F0FBE4030431B4E8F082C
:1051200046F82700224E3068A0435E6806F48016D9
:1051300006B120431E4E3060361D3068A0435E68C5
:1051400006F4001606B12043194E361D3060184E85
:10515000361F3068A0435E6806F4003606B120436F
:10516000134E361F3060361F3068A0435E6806F469
:10517000803606B120430E4E083E3060491C10298F
:10518000FFF426AFF8BD0000443802400838014063
:10519000000002400004024000080240000C0240EF
:1051A000001002400014024000180240001C02409F
:1051B000083C0140024613690B400BB1012000E09E
:1051C000002070470AB1816101E00B0483617047E0
:1051D0000148006870470000300000200348006864
:1051E00003490978084401490860704730000020ED
:1051F0003800002010B50D48006840F400700B49DD
:1052000008600846006840F480600860084600684E
:1052100040F480700860032000F0E0F80F2000F0F8
:1052200007F800F05FF8002010BD0000003C0240CD
:105230002DE9F04188B004460027B84600BF0020A1
:1052400001902348006840F010002149086008469A
:10525000006800F01000019000BF00BF02A903A881
:1052600000F092F9069F1FB900F0B6F9054602E07A
:1052700000F0B2F945001748B5FBF0F0A0F10108C5
:1052800015481649086040F2E7311448C160C0F87B
:105290000480002101618160816100F02DFF0646DC
:1052A00096B90E4800F0AEFF06466EB9362000F003
:1052B00043F8102C07D200222146362000F050F887
:1052C0000748046000E00126304608B0BDE8F081E0
:1052D0004038024040420F0000100040881100207A
:1052E0003400002008B500BF00200090114800687D
:1052F00040F480400F4908600846006800F4804090
:10530000009000BF00BF00BF00200090081F006891
:1053100040F08050091F08600846006800F0805087
:10532000009000BF00BF00220F21901E00F018F86F
:1053300008BD0000443802400146084600280DDB45
:1053400000BF00BF00F01F0301229A4043099B00E9
:1053500003F1E023C3F8002100BF00BF00BF704786
:105360002DE9F05F80460D461646002708F01CFA2E
:10537000074639462A46334601F00700C0F1070ABE
:10538000BAF1040F02D94FF0040A01E0C0F1070A94
:10539000D14600F1040ABAF1070F02D24FF0000A19
:1053A00001E0A0F1030AD4464FF0010A0AFA09FA13
:1053B000AAF1010A0AEA020A0AFA0CFA4FF0010BF2
:1053C0000BFA0CFBABF1010B0BEA030B4AEA0B04E3
:1053D0002146404608F0F0F9BDE8F09F00BF00F01C
:1053E0000702064B19684FF6FF031940044B0B43A5
:1053F00043EA0221014B196000BF70470CED00E049
:105400000000FA0570B504460D460CB9012070BDC8
:105410005848006800F00700A84209D255490D70AD
:105420000846006800F00700A84201D00120EEE71E
:10543000207800F0020002281DD1207800F004003E
:10544000042805D14C48006840F4E0504A490860FF
:10545000207800F00800082805D14748006840F48B
:105460006040454908604448006820F0F000A168A9
:10547000084341490860207800F00100A8B3606843
:10548000012807D13C4808380068C0F34040B8B94B
:105490000120BCE76068022802D06068032807D1B9
:1054A000354808380068C0F3406048B90120AEE7CD
:1054B000314808380068C0F3400008B90120A6E769
:1054C0002D48006820F00300616808432A490860FD
:1054D000FFF77EFE064609E0FFF77AFE801B41F2E9
:1054E0008831884202D9032091E707E0224800680A
:1054F00000F00C006168B0EB810FEDD11D48006831
:1055000000F00700A84209D91A490D700846006842
:1055100000F00700A84201D0012078E7207800F0D1
:105520000400042807D11448006820F4E050E16822
:10553000084311490860207800F00800082808D1C5
:105540000D48006820F46040216940EAC1000A4922
:10555000086000F061F808490968C1F30311074ABF
:10556000515CC8400649086006480068FFF760FEC5
:1055700000204CE7003C0240083802406C10010853
:105580003C000020340000200F2202600D4A126807
:1055900002F0030242600B4A126802F0F0028260DD
:1055A000084A126802F4E052C260064A126802F425
:1055B0006042D2080261044A126802F007020A60DF
:1055C0007047000008380240003C02400148006873
:1055D000704700003C00002000B5FFF7F7FF0449CA
:1055E0000968C1F38221034A515CC84000BD000034
:1055F000083802407C10010800B5FFF7E7FF0449B6
:105600000968C1F34231034A515CC84000BD000043
:10561000083802407C1001082DE9F04700240025DD
:105620000026A1462548006800F00C0020B104289F
:1056300005D008283AD105E0DFF8849039E0DFF89A
:10564000849036E01D48001F006800F03F041B48AE
:10565000001F006800F4800078B11A481749091F3C
:105660000968C1F38811A0FB01700146224600239E
:105670003846FAF705FE05460EE011480F49091FA6
:105680000968C1F38811A0FB01700146224600237E
:105690003846FAF7F5FD05460848001F0068C0F3D4
:1056A0000140401C4600B5FBF6F902E0DFF810901F
:1056B00000BF00BF4846BDE8F08700000838024040
:1056C0000024F400001BB700F8B504460CB9012013
:1056D000F8BD207800F00100002874D0F948006877
:1056E00000F00C0004280DD0F648006800F00C0013
:1056F000082813D1F348001F006800F48000B0F5BB
:10570000800F0BD1EF4808380068C0F340400028F4
:1057100059D06068002856D10120D9E700BF6068E1
:10572000B0F5803F08D1E7480838006840F4803081
:10573000E449083908601EE06068B0F5A02F0DD17B
:10574000E0480838006840F48020DE4908390860E5
:105750000846006840F4803008600CE0D9480838FA
:10576000006820F48030D74908390860084600688E
:1057700020F48020086000BF606890B1FFF728FD2A
:10578000054606E0FFF724FD401B642801D90320ED
:105790009EE7CC4808380068C0F340400028F1D0AC
:1057A00011E0FFF715FD054606E0FFF711FD401B70
:1057B000642801D903208BE7C24808380068C0F389
:1057C00040400028F1D1207800F0020002285FD18B
:1057D000BC48006800F00C0058B1BA48006800F0FE
:1057E0000C0008281CD1B748001F006800F4800096
:1057F000B0B9B44808380068C0F3400020B1E06890
:10580000012801D0012063E7AE480838006820F085
:10581000F800216940EAC100AA490839086037E068
:10582000E06800B30120A8490860FFF7D1FC0546F5
:1058300006E0FFF7CDFC401B022801D9032047E713
:10584000A04808380068C0F340000028F1D09D4807
:105850000838006820F0F800216940EAC100994941
:105860000839086014E0002097490860FFF7B0FC91
:10587000054606E0FFF7ACFC401B022801D90320D7
:1058800026E7904808380068C0F340000028F1D1AE
:10589000207800F0080008282CD16069A8B1012008
:1058A0008A490860FFF794FC054606E0FFF790FC84
:1058B000401B022801D903200AE782486C300068A7
:1058C000C0F340000028F1D014E000207F490860B8
:1058D000FFF77EFC054606E0FFF77AFC401B022836
:1058E00001D90320F4E677486C300068C0F340002B
:1058F0000028F1D1207800F00400042870D100279E
:1059000070483830006800F0805090B900BF002027
:1059100000906C483830006840F080506949383158
:1059200008600846006800F08050009000BF00BF8B
:1059300001276748006800F48070B0B964480068C7
:1059400040F4807062490860FFF742FC054606E0BB
:10595000FFF73EFC401B022801D90320B8E65C4853
:10596000006800F480700028F2D000BFA068012811
:1059700008D154486830006840F00100514968314E
:1059800008601DE0A06805280DD14E486830006809
:1059900040F004004B49683108600846006840F058
:1059A000010008600CE047486830006820F0010002
:1059B0004449683108600846006820F00400086027
:1059C00000BFA068A8B1FFF703FC054609E0FFF798
:1059D000FFFB401B41F28831884202D9032077E661
:1059E00026E0384868300068C0F340000028EED058
:1059F00013E0FFF7EDFB054608E0FFF7E9FB401B6E
:105A000041F28831884201D9032061E62D4868308F
:105A10000068C0F340000028EFD1012F07D12948CA
:105A20003830006820F0805026493831086000BFC7
:105A3000A069002845D02348006800F00C00082821
:105A40005DD0A069022845D100201F490866FFF7F4
:105A5000BFFB054606E0FFF7BBFB401B022801D950
:105A6000032035E6174808380068C0F34060002876
:105A7000F1D1D4E907010843616A40EA81110122AA
:105A8000A06AC2EB500041EA00412C20005D41EACF
:105A900000600C49091F086001200B490866FFF7E8
:105AA00097FB054606E0FFF793FB401B022801D950
:105AB00003200DE6034808380068C0F34060002862
:105AC000F1D049E00838024000004742800E4742CA
:105AD00000700040002021490866FFF779FB054669
:105AE00006E0FFF775FB401B022801D90320EFE514
:105AF0001B480068C0F340600028F2D12CE0A06988
:105B0000012800D1E4E51648001D0668A0690128B7
:105B100020D006F48001E06981421BD106F03F01EC
:105B2000206A814216D147F6C0703040616AB0EBFE
:105B3000811F0FD106F440310122A06AC2EB500050
:105B4000B1EB004F06D106F070612C20005DB1EB87
:105B5000006F01D00120BBE50020B9E500004742FD
:105B60000038024010B504460CB9012010BD606A2F
:105B700038B96068B0F5827F00D105E00021E161AD
:105B800002E00021216161610021A16294F85100CD
:105B900028B9002084F85000204600F047F8022081
:105BA00084F851002068006820F0400021680860F7
:105BB000A08800F48270218901F404410843A1897E
:105BC00001F400610843217C01F002010843217DBA
:105BD00001F001010843218B01F400710843217F8A
:105BE00001F0380108432021095D01F080010843DC
:105BF000218D01F400510843216808600421A06947
:105C000001EA104094F8241001F0100108432168C3
:105C100048602068C06920F400602168C8610020E5
:105C20006065012084F8510000209FE710B586B020
:105C30000446142101A8FAF76DFB4B4920688842FD
:105C40007ED100BF002000904848006840F480509A
:105C5000464908600846006800F48050009000BF84
:105C600000BF00BF0020009040481438006840F09A
:105C700002003E49143908600846006800F002003E
:105C8000009000BF00BF00BF0020009008460068E1
:105C900040F0010008600846006800F00100009034
:105CA00000BF00BF18200190022002900120039045
:105CB000032004900520059001A92D48FFF780F9E5
:105CC0008020019002200290012003900320049084
:105CD0000520059001A92748FFF772F926482749B2
:105CE00008604FF0C0604860002124488160C160B6
:105CF0004FF480610161002141618161C1614FF414
:105D00004031016200214162FFF78CF808B1FDF7D4
:105D100087FE00BF1948E064846300BF164818304E
:105D2000174908604FF0C060486040211448816006
:105D30000021C1604FF4806101610021416100E0F8
:105D400010E08161C1614FF40031016200214162C4
:105D5000FFF768F808B1FDF763FE00BF0848A064CC
:105D6000846300BF06B010BD0030014044380240DB
:105D7000000402400000024040640240F00C002099
:105D8000500D00202DE9FE4F04460F4690461D465B
:105D90000C9E01200190FFF71BFA814694F851B048
:105DA00060680290AA46BBF1010F0BD00298B0F5D3
:105DB000827F04D1A06810B9BBF1040F02D0022089
:105DC000BDE8FE8F1FB1B8F1000F00D00DB9012062
:105DD000F6E700BF94F85000012801D10220EFE758
:105DE000012084F8500000BF94F85100042802D02C
:105DF000052084F8510000206065C4F83880E587EC
:105E0000A5872763E586A58620646064206800680E
:105E100000F04000402805D02068006840F04000B5
:105E200021680860E068B0F5006F52D1606810B179
:105E3000BAF1010F09D1206B00882168C860206B7E
:105E4000801C2063E08E401EE0863BE02068806876
:105E500000F00200022810D1E08E70B101980128F4
:105E60000BD1206B00882168C860206B801C2063E8
:105E7000E08E401EE086002001902068806800F0DF
:105E8000010068B1E08F58B12068C068A16B08803C
:105E9000A06B801CA063E08F401EE0870120019072
:105EA000FFF796F9A0EB0900B0420BD3701C48B184
:105EB000012084F8510000BF002084F8500000BF8A
:105EC00003207DE7E08E0028C0D1E08F0028BDD1FF
:105ED00052E0606810B1BAF1010F09D1206B00786F
:105EE00021680873206B401C2063E08E401EE08612
:105EF0003CE02068806800F00200022810D1E08EAB
:105F000070B1019801280BD1206B007821680873CB
:105F1000206B401C2063E08E401EE0860020019034
:105F20002068806800F0010068B1E08F58B12068F7
:105F3000C068A16B0870A06B401CA063E08F401E7E
:105F4000E08701200190FFF743F9A0EB0900B04280
:105F500001D3701C00B94EB9012084F8510000BF74
:105F6000002084F8500000BF032029E7E08E0028BD
:105F7000BFD1E08F0028BCD14A463146204605F00B
:105F800069FF40B12020606500BF002084F8500008
:105F900000BF012014E7A06850B900BF00200090A6
:105FA0002068C068009020688068009000BF00BF33
:105FB000012084F8510000BF002084F8500000BF89
:105FC000606D08B10120FBE60020F9E670477047DC
:105FD00010B50346002200BF93F83C00012801D110
:105FE000022010BD012083F83C0000BF22F0FF001A
:105FF000CC6840EA040222F440708C6840EA040253
:1060000022F480604C6840EA040222F400600C68CC
:1060100040EA040222F480500C6940EA040222F4AF
:1060200000504C6940EA040222F48040CC6940EA06
:1060300004021868426400BF002083F83C0000BFDF
:1060400000BFCEE730B502460B4600BF92F83C00D9
:10605000012801D1022030BD012082F83C0000BFA0
:10606000022082F83D00106844681068816824F0BE
:1060700070041868044310684460184D1068A84202
:106080001BD01068B0F1804F17D0154D1068A84292
:1060900013D0144D1068A8420FD0134D1068A842B9
:1060A0000BD0124D1068A84207D0114D1068A842BD
:1060B00003D0104D1068A84205D121F08001586826
:1060C000014310688160012082F83D0000BF00207C
:1060D00082F83C0000BF00BFBDE7000000000140A7
:1060E0000004004000080040000C00400004014093
:1060F000004001400018004010B504460CB90120D2
:1061000010BD94F83D0028B9002084F83C002046DA
:1061100000F026F8022084F83D00211D206806F0DA
:1061200055FD012084F8460000BF84F83E0001219F
:106130003F200155402001554120015500BF00BFBF
:10614000012084F842004320015544200155452098
:10615000015500BF012084F83D000020D0E7000079
:1061600038B5044623492068884218D100BF002072
:1061700000902148006840F002001F49086008466E
:10618000006800F00200009000BF00BF002205215F
:106190001D20FFF7E5F81D20FFF7CEF829E017498D
:1061A0002068884211D100BF002000901248001DD5
:1061B000006840F002001049091D086008460068A8
:1061C00000F00200009000BF13E00D4920688842F3
:1061D0000FD100BF002000900748006840F0400049
:1061E000054908600846006800F04000009000BFC4
:1061F00000BF38BD000400404038024000040140A8
:1062000000180040014691F83D00012801D001200E
:106210007047022081F83D000868C06840F0010026
:106220000B68D8601A4B086898421BD00868B0F118
:10623000804F17D0174B0868984213D0164B086848
:1062400098420FD0154B086898420BD0144B086841
:10625000984207D0134B0868984203D0124B086845
:1062600098420CD10868806800F00702062A0CD01A
:106270000868006840F001000B68186005E00868D5
:10628000006840F001000B6818600020C0E70000C3
:10629000000001400004004000080040000C0040E5
:1062A0000004014000400140001800402DE9F04189
:1062B00004460D46002700BF94F83C00012802D197
:1062C0000220BDE8F081012084F83C0000BF0220DC
:1062D00084F83D002068866826F0770626F47F461D
:1062E000206886602868502833D00CDC202850D0E5
:1062F00004DC00284BD0102851D149E0302849D087
:1063000040284CD139E060282DD0702807D0B0F556
:10631000805F03D0B0F5005F41D10DE041E0D5E9E9
:1063200002136A68206806F0C1FC2068866846F09F
:1063300077062068866034E0D5E902136A68206831
:1063400006F0B4FC2068806840F4804021688860D2
:1063500027E0EA686968206806F098FD5021206807
:1063600006F0AFFC1DE0EA686968206806F0A1FD50
:106370006021206806F0A5FC13E0EA6869682068DF
:1063800006F084FD4021206806F09BFC09E000BF78
:1063900000BF00BF2968206806F093FC01E00127D8
:1063A00000BF00BF012084F83D0000BF002084F83A
:1063B0003C0000BF384684E7704770B5044620684B
:1063C000C5682068066906F00200022819D105F0A8
:1063D0000200022815D1401F2168086101202077A2
:1063E0002068806900F0030018B12046FFF7E4FF41
:1063F00005E0204600F0C8F8204600F095F900209E
:10640000207706F00400042819D105F004000428C0
:1064100015D1C04321680861022020772068806977
:1064200000F4407018B12046FFF7C6FF05E0204693
:1064300000F0AAF8204600F077F90020207706F057
:106440000800082819D105F00800082815D1C04314
:1064500021680861042020772068C06900F00300EB
:1064600018B12046FFF7A8FF05E0204600F08CF8A1
:10647000204600F059F90020207706F0100010287F
:1064800019D105F01000102815D1C043216808610A
:10649000082020772068C06900F4407018B12046B9
:1064A000FFF78AFF05E0204600F06EF8204600F076
:1064B0003BF90020207706F0010048B105F001000B
:1064C00030B16FF0010021680861204600F02EF91C
:1064D00006F08000802809D105F08000802805D1D1
:1064E000C043216808612046FFF770FD06F04000B8
:1064F000402809D105F04000402805D1C04321685B
:106500000861204600F028F906F02000202809D173
:1065100005F02000202805D1C043216808612046ED
:10652000FFF755FD70BD000010B586B0044614217C
:1065300001A8F9F7EFFE1149206888421CD100BF7D
:10654000002000900E48006840F010000C490860E0
:106550000846006800F01000009000BF00BF48151A
:1065600001900220029000200390049001200590E9
:1065700001A90448FEF724FD06B010BD000001404B
:10658000303802400010024070472DE9F0410446C7
:106590000D461646002700BF94F83C00012802D1A2
:1065A0000220BDE8F081012084F83C0000BF36B134
:1065B000042E1BD0082E31D00C2E5ED145E029468A
:1065C000206806F087FB2068806940F00800216899
:1065D00088612068806920F0040021688861206853
:1065E0008069296908432168886148E02946206854
:1065F00006F0A8FB2068806940F40060216888618B
:106600002068806920F48060216888612068806942
:10661000296940EA01202168886130E02946206824
:1066200006F0CEFB2068C06940F008002168C86110
:106630002068C06920F004002168C8612068C06932
:10664000296908432168C86119E02946206806F0D5
:10665000F3FB2068C06940F400602168C8612068CD
:10666000C06920F480602168C8612068C069296918
:1066700040EA01202168C86101E0012700BF00BF96
:1066800000BF002084F83C0000BF384689E710B501
:1066900004460CB9012010BD94F83D0028B9002033
:1066A00084F83C00204600F025F8022084F83D00E4
:1066B000211D206806F08AFA012084F8460000BFF8
:1066C00084F83E0001213F20015540200155412022
:1066D000015500BF00BF012084F84200432001554E
:1066E000442001554520015500BF012084F83D009C
:1066F0000020D0E708B50A4A016891420FD100BFD7
:10670000002100910749096841F00101054A116023
:106710001146096801F00101009100BF00BF08BDEA
:1067200000000140443802407047000010B50446A4
:1067300006492068884201D1FEF750FD04492068CF
:10674000884202D101200349087010BD00100040AA
:1067500000040040C90300207047704770470000E4
:106760002DE9F84F0446206805682068C66820684F
:1067700047694FF00009CA4605F00F09B9F1000F4B
:106780000AD105F0200038B106F0200020B12046E3
:1067900006F081FCBDE8F88FB9F1000F7CD007F05E
:1067A000010018B906F49070002875D005F00100BA
:1067B00030B106F4807018B1606C40F00100606484
:1067C00005F0040030B107F0010018B1606C40F032
:1067D0000200606405F0020030B107F0010018B15A
:1067E000606C40F00400606405F0080048B106F0F9
:1067F000200010B907F0010018B1606C40F00800EB
:106800006064606C002846D005F0200028B106F0D6
:10681000200010B1204606F03EFC20684069C0F31D
:10682000801A606C00F0080010B9BAF1000F2DD08A
:10683000204606F0EAFB2068406900F0400040284E
:1068400020D100BF00BF2168143151E8001F21F0A2
:1068500040002168143141E80002002AF3D100BF52
:10686000E06B50B17F48E16B0865E06BFEF7A5F97E
:1068700088B1E06B016D88470DE02046FFF76EFFA1
:1068800009E009E02046FFF769FF04E02046FFF732
:1068900065FF002060647DE7206B012878D105F05A
:1068A0001000002874D006F010000028FAD000BFB5
:1068B00000200090206800680090206840680090E8
:1068C00000BF00BF2068406900F04000402870D140
:1068D000E06B006840681FFA80F8B8F1000F58D0EC
:1068E000A08D404555DDA4F82E80E06BC069B0F561
:1068F000807F43D000BF00BF21680C3151E8001FEA
:1069000021F4807021680C3141E80002002AF3D1A3
:1069100000BF00BF00BF2168143151E8001F21F003
:1069200001002168143141E80002002AF3D100BFC0
:1069300000BF00BF2168143151E8001F21F0400062
:106940002168143141E80002002AF3D100BF202061
:1069500084F842000020206300BF00BF21680C3192
:1069600051E8001F21F0100021680C3141E80002BD
:10697000002AF3D100BFE06BFEF7C9F80220606384
:10698000A08DE28D801A81B22046FFF7E6FE0EE070
:1069900052E0A08D40450AD1E06BC069B0F5807F20
:1069A00005D102206063A18D2046FFF7D6FEF1E6F7
:1069B000FFE7A08DE18D401A1FFA80F8E08DD0B37B
:1069C000B8F1000F37D000BF00BF21680C3151E88B
:1069D000001F21F4907021680C3141E80002002A68
:1069E000F3D100BF00BF00BF2168143151E8001F80
:1069F00021F001002168143141E80002002AF3D19E
:106A000000BF202084F842000020206300BF00BFA8
:106A100021680C3151E8001F21F0100021680C3171
:106A200041E80002002AF3D100BF02206063414622
:106A30002046FFF792FEADE605F0800030B106F08B
:106A4000800018B1204606F0BBFCA3E605F040002C
:106A500030B106F0400018B1204606F00CFB99E674
:106A600000BF97E6F9CF000810B504460CB9012025
:106A700010BDA06900B100E000BF94F8410028B942
:106A8000002084F84000204600F02AF8242084F8F2
:106A900041002068C06820F400502168C86020468A
:106AA00006F078FB2068006920F4904021680861B6
:106AB0002068406920F02A00216848612068C06889
:106AC00040F400502168C86000206064202084F8F1
:106AD000410084F842000020606300BFC8E7000066
:106AE00010B586B00446142101A8F9F713FCC0497B
:106AF000206888427ED100BF00200090BD48006819
:106B000040F01000BB4908600846006800F0100023
:106B1000009000BF00BF00BF00200090B5481438AF
:106B2000006840F00200B349143908600846006864
:106B300000F00200009000BF00BF00BF00200090E6
:106B40000846006840F0010008600846006800F050
:106B50000100009000BF00BF802001900220029041
:106B600000200390032004900720059001A9A2486B
:106B7000FEF726FA4FF400700190022002900020E8
:106B80000390032004900720059001A99B48FEF77D
:106B900017FA9B489B4908604FF00060486000214D
:106BA00098488160C1604FF48061016100214161BA
:106BB0008161C1614FF40031016200214162FEF741
:106BC00031F908B1FCF72CFF00BF8E48E063846305
:106BD00000BF8B4830308C4908604FF0006048603F
:106BE0004021894881600021C1604FF480610161CA
:106BF000002100E01AE041618161C1614FF4003180
:106C0000016200214162FEF70DF908B1FCF708FFAF
:106C100000BF7D48A063846300BF002205212520BA
:106C2000FEF79EFB2520FEF787FBDEE07749206814
:106C300088425BD100BF002000906E48001F0068B2
:106C400040F480206B49091F08600846006800F482
:106C50008020009000BF00BF00BF0020009065486A
:106C60001438006840F0040062491439086008468E
:106C7000006800F00400009000BF00BF4FF44060C7
:106C8000019002200290002003900320049007202E
:106C9000059001A95E48FEF793F95E485E490860D9
:106CA0004FF00060486000215B488160C1604FF494
:106CB000806101610021416181614FF48071C16196
:106CC000002101624162FEF7ADF808B1FCF7A8FEB1
:106CD00000BF5148E063846300BF002205212720E4
:106CE000FEF73EFB2720FEF727FB7EE04B4920689E
:106CF00088427AD100BF002000903E48006840F0F2
:106D000020003C4908600846006800F02000009020
:106D100000BF00BF00BF0020009036481438006854
:106D200040F040003349143908600846006800F01C
:106D30004000009000BF00BF4FF48440019002204B
:106D4000029000200390032004900820059001A9E0
:106D50003348FEF735F92A48603832490860800523
:106D6000486000212F488160C1604FF4806101615B
:106D70000021416181614FF48071C1610021016294
:106D80004162FEF74FF808B1FCF74AFE00BF254804
:106D9000E063846300BF1A481830234908604FF04D
:106DA000206048604021204881600021C1604FF48C
:106DB000806101610021416181614FF48071C16195
:106DC000002101624162FEF72DF808B1FCF728FEB0
:106DD00000BF1548A063846300BF0022052147203F
:106DE000FEF7BEFA4720FEF7A7FA06B010BD000076
:106DF00000100140443802400004024000000240FC
:106E000088640240A80F00200810002000480040BD
:106E10000008024028600240681000200014014071
:106E200000180240C81000202811002070472DE9EA
:106E3000F84F04460E46174699464FF0000A94F85C
:106E40004100202850D106B117B90120BDE8F88FC4
:106E500000206064212084F84100FEF7B9F98246E1
:106E6000A784E784A068B0F5805F04D1206910B9D9
:106E70000025B04602E035464FF000081EE05346BC
:106E8000002280212046CDF8009006F0C9FA20B1FA
:106E9000202084F841000320D8E745B9B8F8000065
:106EA000C0F308002168486008F1020803E0287870
:106EB000216848606D1CE08C401EE084E08C002856
:106EC000DDD15346002240212046CDF8009006F047
:106ED000A7FA20B1202084F841000320B6E7202043
:106EE00084F841000020B1E70220AFE7044A0168BE
:106EF0001268914202D10021024A117070470000CD
:106F0000600F0020C803002000BFFEE70048704764
:106F10001074002010B5B7EE000A164880ED010A83
:106F2000B7EE000A80ED020AB7EE000A80ED030A10
:106F30009FED110A80ED040A9FED0F0A80ED050A0E
:106F40009FED0D0A80ED060A01200A4908709FEDA9
:106F50000B2AF7EE001A9FED0A1ADFED0A0AB2EECD
:106F6000040A02F00DFD9FED050A074880ED100AA6
:106F700010BD0000987400200000000096430B3CF8
:106F80008096184B0AD7233C1074002010B5A82017
:106F9000FCF758FB0020FAF753FE04F013FAFFF752
:106FA000B9FF1448FBF760FA1348FBF75DFA01F0EC
:106FB000CBFB03F0A1FC03F071FFFCF741FEFCF7F3
:106FC00065FF05F081FAFBF75FFB04F005FF02F0B7
:106FD0003FFB07F03FF80949064806F0B5FF0848AF
:106FE00005F01AFD9FED070A0549024805F022FD4C
:106FF00010BD0000480C0020700C0020AC8C00205C
:107000004C84002000008C4205F082FC06E004481D
:10701000006808F0C5FF192007F036FAF7E700000E
:10702000000000202DED088B90B0FAF77FFD04469C
:10703000A64AD2E900109268CDE90E020D91002017
:107040000C90A24A0C3207CA09AB07C39F4A1832F8
:1070500007CA06AB07C39D4A243207CA03AB07C35E
:1070600033E10CA8FCF79EFA994880ED000A994894
:1070700090ED000A9648D0ED000A30EE200A9548BF
:1070800080ED000A00BFFAF7A7FA934890ED050AD1
:1070900080ED210A94ED010A80ED070A94ED020AC1
:1070A00080ED080A94ED030A80ED090A94ED050AC3
:1070B00080ED040A94ED060A80ED050A94ED040AB9
:1070C00080ED060A90ED210A10EE101A0846F9F735
:1070D00065FA41EC1B0B9FED810B53EC102BF9F77C
:1070E000D2F941EC190B7C4890ED050A10EE101A0C
:1070F0000846F9F753FA41EC1B0B9FED7A0B53EC62
:10710000102BF9F7C0F941EC1A0B53EC192BF9F7D6
:1071100013F941EC180BF9F785FA6F49C1F88000B3
:1071200001F11C021031714802F0A0F86A4890ED9C
:10713000091AF0EE410A90ED071AB0EE410A06F086
:1071400071FCB1EE400ADFED6A0A20EE200ADFEDA5
:10715000690A80EE201A604880ED1A1A90ED091A2B
:10716000F0EE410A90ED081AB0EE410A06F05AFC22
:10717000DFED5F0A20EE200ADFED5E0A80EE201AC6
:10718000554880ED1B1A90ED093AF0EE432A90ED38
:10719000083AB0EE432A90ED073AF0EE431A90ED2C
:1071A000063AB0EE431A90ED053AF0EE430A90ED40
:1071B000043AB0EE430A464890ED003A02F024FD4E
:1071C00045494D48D0E91535026DC06D81E82C0068
:1071D000C8600A46443109A8FBF71CF83E4A02F190
:1071E000500106A8FBF716F83B4A02F15C0103A820
:1071F000FBF710F8384A69460DA8FCF764FB00203D
:1072000039E035491C3101EB800191ED000A6946F6
:1072100001EB8001D1ED000A30EE600A2C49D1ED7E
:10722000000A60EE200A2C4991ED100A284991EDE0
:10723000001A30EE011A80EE810A2749283101EB4D
:107240008001D1ED000A244991ED101A60EE810A07
:1072500091ED101A1E49D1ED001A31EE211AC0EE3F
:10726000811A30EE210A1C49283101EB800181EDA1
:10727000000A411CC8B20328C3DB174A02F13401DB
:10728000A1F10C00FAF7C6FF1C4890ED6A0A1248FB
:1072900080ED1E0A194890ED690A0F4880ED1D0A1D
:1072A000164890ED680A0C4880ED1C0A134890EDD2
:1072B0006B0A094880ED1F0A00BF11480068401C96
:1072C0000F490860012007F0DFF8CAE698100108AE
:1072D000E0000020E4000020107400203433333339
:1072E0003333D33F666666666666E63F9874002071
:1072F00000003443DB0F4940189200201891002011
:10730000E80000202DE9F04704460D4616461F46CA
:107310004FF00009FDF75CFF8046012C09D1287869
:1073200038B93068A8EB0000B84202D9C6F800802E
:10733000A1462C704846BDE8F08710B504460020F1
:107340002074A37B9A006168D4F8F400F8F7C9FFB1
:10735000A27B91006068F8F7DDFFA27B9200A37B1F
:1073600012FB03F1D4F81801F8F7D4FF227B920046
:10737000A37B12FB03F1D4F80C01F8F7CBFF00203C
:1073800031E0D4F8F41001EB800191ED000AB5EE84
:10739000C00AF1EE10FA24D0D4F8F41001EB800109
:1073A00091ED000A227CD4F8F41001EB820181ED0A
:1073B000000A227C616A8854A16901EB800191ED89
:1073C000000A6169095C227B237C12FB0311491EC0
:1073D000D4F80C2102EB810181ED000A217C491CCB
:1073E0002174411CC8B2A17B8142CADC002011E09B
:1073F000626A125CE16901EB820191ED000A227C74
:1074000000FB0202D4F8181101EB820181ED000AA1
:10741000411CC8B2217C8142EADC207CA4F87800BF
:10742000217B7A200153207BA4F88000217C8220DC
:107430000153207CA4F89000217C92200153207BF2
:10744000A4F89800217C9A200153207CA4F84800DD
:1074500010BD0FB583B0DDE90310087303990598DB
:107460004873039906988873002103980174039860
:1074700080F82D100698029006F03AFF03994861B3
:10748000069802900398406901900299F8F742FF2C
:1074900006988000029006F02BFF039988610698F9
:1074A000800002900398806901900299F8F732FFFA
:1074B00006988000029006F01BFF0399C8610698A9
:1074C000800002900398C06901900299F8F722FFAA
:1074D00004988000029006F00BFF0399086204985C
:1074E000800002900398006A01900299F8F712FF59
:1074F0000698029006F0FCFE0399486206980290F6
:107500000398406A01900299F8F704FF04988000FC
:10751000029006F0EDFE0399086004988000029046
:107520000398006801900299F8F7F4FE069880002D
:10753000029006F0DDFE03994860069880000290F4
:107540000398406801900299F8F7E4FE05988000DE
:10755000029006F0CDFE03998860059880000290A5
:107560000398806801900299F8F7D4FE049880008F
:10757000029006F0BDFE0399C1F8E800049880006F
:1075800002900398D0F8E80001900299F8F7C2FE43
:107590000398D0F8E80002900398007B0190012244
:1075A0000146DDE902303030F9F70BFA049880002B
:1075B000029006F09DFE0399C1F8EC00049880004B
:1075C00002900398D0F8EC0001900299F8F7A2FE1F
:1075D0000398D0F8EC0002900398007B0190012200
:1075E0000146DDE902303830F9F7EBF90598F8B1DA
:1075F00005988000029006F07BFE0399C1F8F00028
:107600000598800002900398D0F8F000019002994C
:10761000F8F780FE0398D0F8F00002900398407BC2
:10762000019001220146DDE902304030F9F7C9F945
:1076300006988000029006F05BFE0399C1F8F40002
:107640000698800002900398D0F8F4000190029907
:10765000F8F760FE0398D0F8F40002900398807B5E
:10766000019001220146DDE902304830F9F7A9F91D
:107670000498800004994843029006F039FE03996B
:10768000C1F8F800049880000499484302900398D8
:10769000D0F8F80001900299F8F73CFE0398D0F872
:1076A000F80002900398007B01900398007B009003
:1076B0000146DDE902305030019AF9F782F9049869
:1076C000800004994843029006F012FE0399C1F825
:1076D000FC00049880000499484302900398D0F875
:1076E000FC0001900299F8F715FE0398D0F8FC0011
:1076F00002900398007B01900398007B0090014664
:10770000DDE902305830019AF9F75BF904988000FE
:1077100004994843029006F0EBFD0399C1F800017B
:107720000498800004994843029006F0E1FD039913
:10773000C1F804010498800004994843029003981A
:10774000D0F8000101900299F8F7E4FD0498800058
:107750000499484302900398D0F8040101900299DB
:10776000F8F7D8FD0398D0F8000102900398007B49
:1077700001900398007B00900146DDE90230603003
:10778000019AF9F71EF90398D0F8040102900398C2
:10779000007B01900398007B00900146DDE90230F8
:1077A0006830019AF9F70DF9059830B30498800014
:1077B00005994843029006F09BFD0399C1F8080122
:1077C000049880000599484302900398D0F8080176
:1077D00001900299F8F79EFD0398D0F808010290F5
:1077E0000398407B01900398007B00900146DDE9FF
:1077F00002307030019AF9F7E4F806988000049995
:107800004843029006F074FD0399C1F80C010498F6
:10781000800006994843029006F06AFD0399C1F87A
:107820001001069880000499484302900398D0F80C
:107830000C0101900299F8F76DFD049880000699FB
:10784000484302900398D0F8100101900299F8F78C
:1078500061FD0398D0F80C0102900398007B019021
:107860000398807B00900146DDE902307830019A70
:10787000F9F7A7F80398D0F8100102900398807BDD
:1078800001900398007B00900146DDE902308030D2
:10789000019AF9F796F804988000049948430290F9
:1078A00006F026FD0399C1F814010498800004999C
:1078B000484302900398D0F8140101900299F8F718
:1078C00029FD0398D0F8140102900398007B0190E1
:1078D0000398007B00900146DDE902308830019A70
:1078E000F9F76FF80698800006994843029006F071
:1078F000FFFC0399C1F818010698800006994843D7
:1079000002900398D0F8180101900299F8F702FD4F
:107910000398D0F8180102900398807B0190039897
:10792000807B00900146DDE902309030019AF9F742
:1079300048F80498800006994843029006F0D8FC65
:107940000399C1F81C0104988000069948430290ED
:107950000398D0F81C0101900299F8F7DBFC03981A
:10796000D0F81C0102900398807B01900398007B63
:1079700000900146DDE902309830019AF9F721F8CC
:107980000398007B81000398007B11FB00F00290BC
:1079900006F0AEFC0399C1F820010398007B81003A
:1079A0000398007B11FB00F0029006F0A1FC039904
:1079B000C1F824010398007B81000398007B11FB30
:1079C00000F0029006F094FC0399C1F82801039896
:1079D000007B8000029006F08BFC0399C1F82C011B
:1079E0000398007B8000029006F082FC0399C1F8A6
:1079F00030010398D0F8200102900398007B019099
:107A00000398007B00900146DDE90230A030019A26
:107A1000F8F7D7FF0398D0F8240102900398007B71
:107A200001900398007B00900146DDE90230A83008
:107A3000019AF8F7C6FF0398D0F82801029003983E
:107A4000007B01900398007B00900146DDE9023045
:107A5000B030019AF8F7B5FF0398D0F82C010290E6
:107A60000398007B019001220146DDE90230B83025
:107A7000F8F7A7FF0398D0F8300102900398007B35
:107A8000019001220146DDE90230C030F8F799FF8C
:107A90000021039880F82810039880F82910039893
:107AA00080F82A10039880F82B10039880F82C1087
:107AB00007B000BD10B50446E07B18B12046FFF7C3
:107AC0003CFC0BE0A37B9A006168D4F8F400F8F763
:107AD00008FCA27B91006068F8F71CFC637B9A00AD
:107AE000A168D4F8F000F8F7FCFB10BD10B504460F
:107AF00094F82C0068BBB4F89800A4F8A8007A2089
:107B0000015BAA200153B4F8A800A4F8B0005A20E1
:107B1000015BB220015304F1A80204F1780104F1E1
:107B20009800F9F7BBF884F8C80004F1B00204F13A
:107B3000580104F1A800F9F7B1F884F8C80004F17D
:107B4000500204F1B00104F15800F9F745F984F846
:107B5000C80010BD10B5044694F8290068BB04F1B4
:107B6000680104F16000F9F797F984F8C80004F19E
:107B7000580204F1500104F16000F9F78FF884F81D
:107B8000C800B4F85800A4F8A8006A20015BAA2035
:107B9000015304F1A80204F1680104F15800F9F757
:107BA0007DF884F8C80004F1580204F1880104F15A
:107BB000A800F8F7A7FE84F8C80010BD10B5044669
:107BC00094F82A00002861D104F1800104F17800C2
:107BD000F9F762F984F8C800B4F87800A4F8A800AE
:107BE0005A20015BAA20015304F1A80204F15801B4
:107BF00004F17800F9F752F884F8C800B4F8A80046
:107C0000A4F8B0008220015BB220015304F1B0025D
:107C100004F1800104F1A800F9F740F884F8C800E5
:107C2000B4F89000A4F8A0009220015BA2200153B8
:107C300004F1A00204F1900104F1B000F8F762FE33
:107C400084F8C80004F1B00104F1A000F8F7BEFE0A
:107C500084F8C800B4F85800A4F8A8008220015B9A
:107C6000AA20015304F1A80204F1800104F1580094
:107C7000F9F714F884F8C80004F1980204F1B0018F
:107C800004F1A800F9F70AF884F8C80010BD70B52F
:107C900004462046FFF70EFFD4F8CC0018B120466A
:107CA000D4F8CC108847204600F07BF8D4F8D000F8
:107CB00018B12046D4F8D01088472046FFF74AFF75
:107CC000D4F8D40018B12046D4F8D4108847207CCA
:107CD00008B9E07BB8B92046FFF770FFD4F8D800A8
:107CE00018B12046D4F8D8108847204600F097F8FD
:107CF000D4F8DC0018B12046D4F8DC1088472046C0
:107D0000FFF7F4FE0EE0237B9A00D4E93A01F8F77E
:107D1000E8FA237B9B00257B13FB05F2D4E93E01A7
:107D2000F8F7DFFAD4F8E00018B12046D4F8E010F4
:107D30008847002022E0227B00FB0202D4F8F810E2
:107D400001EB820191ED000A216A01EB8001D1ED86
:107D5000000AB4EEE00AF1EE10FA0DD2216A01EB4E
:107D6000800191ED000A227B00FB0202D4F8F8109A
:107D700001EB820181ED000A411CC8B2217B8142E6
:107D8000D9DC237B9A00D4F8E8102068F8F7A9FA28
:107D9000D4F8E40018B12046D4F8E41088472068ED
:107DA00070BD10B5044694F8280060BB607B0028C5
:107DB0002ADD207BA4F8B8000121BA20015304F188
:107DC000B80204F1300104F16000F8F767FF84F8AD
:107DD000C800207BA4F8C0000121C220015304F197
:107DE000C00204F1400104F17000F8F757FF84F875
:107DF000C80004F1380204F1C00104F1B800F8F73A
:107E000081FD84F8C80009E004F1380204F1300172
:107E100004F16000F8F742FF84F8C80010BD10B507
:107E2000044694F82B00E0BBB4F87800A4F8B8003E
:107E30000121BA20015304F1B80204F1380104F120
:107E40007800F8F72BFF84F8C800B4F84800A4F8CD
:107E5000C0000121C220015304F1C00204F1B801A5
:107E600004F14800F8F7B8FF84F8C800B4F89800A7
:107E7000A4F8B8000121BA20015304F1B80204F1BA
:107E8000C00104F19800F8F709FF84F8C80004F174
:107E9000300204F1B80104F13800F8F733FD84F83A
:107EA000C80010BD10B50E480E4908600320486098
:107EB00000210C488160C1604FF4102101614FF432
:107EC000001141610021017641768176C17601770A
:107ED0004177FCF746FC08B1FBF7A2FD10BD00009E
:107EE00000640040480C002010B50E480E490860A0
:107EF0000320486000210C488160C1604FF41021CC
:107F000001614FF4001141610021017641768176D3
:107F1000C17601774177FCF724FC08B1FBF780FDBF
:107F200010BD000000680040700C002008B500BFC4
:107F3000002000902A48006840F48000284908602A
:107F40000846006800F48000009000BF00BF00BF3A
:107F5000002000900846006840F4001008600846C1
:107F6000006800F40010009000BF00BF002205214F
:107F70000C20FDF7F5F90C20FDF7DEF900220521B4
:107F80003920FDF7EDF93920FDF7D6F9002205215A
:107F90003A20FDF7E5F93A20FDF7CEF90022052158
:107FA0003B20FDF7DDF93B20FDF7C6F90022052156
:107FB0004420FDF7D5F94420FDF7BEF90022052144
:107FC0004520FDF7CDF94520FDF7B6F90022052142
:107FD0004620FDF7C5F94620FDF7AEF908BD0000C3
:107FE0003038024000B5C1B03C4903C9CDE93F017A
:107FF000002201213FA806F087FA394908601C22B7
:108000003649083138A8F8F76CF9002138A806F08D
:108010004CFA344908601C223049243131A8F8F761
:1080200060F9002131A806F040FA2F4908601C22AF
:108030002A4940312AA8F8F754F900212AA806F065
:1080400034FA2A4908601C2224495C3123A8F8F735
:1080500048F9002123A806F028FA254908601C22C7
:108060001E4978311CA8F8F73CF900211CA806F03D
:108070001CFA204908601C221849943115A8F8F709
:1080800030F9002115A806F010FA1B4908601C22DF
:108090001249B0310EA8F8F724F900210EA806F015
:1080A00004FA164908601C220C49CC3107A8F8F7DD
:1080B00018F9002107A806F0F8F9114908601C22F8
:1080C0000649E8316846F8F70CF90021684606F0E1
:1080D000ECF90C49086041B000BD0000600F0108D8
:1080E00024000020000000200400002008000020E0
:1080F0000C000020100000201400002018000020B8
:108100001C0000202000002000B587B0142102A828
:10811000F8F700F900BF002001906B48006840F0BC
:108120000200694908600846006800F002000190FA
:1081300000BF00BF00BF002001900846006840F06B
:10814000400008600846006800F04000019000BF51
:1081500000BF00BF002001900846006840F0010009
:1081600008600846006800F00100019000BF00BFF1
:1081700000BF002001900846006840F00800086039
:108180000846006800F00800019000BF00BF00BF73
:10819000002001900846006840F00400086008468E
:1081A000006800F00400019000BF00BF00BF002085
:1081B00001900846006840F08000086008460068AA
:1081C00000F08000019000BF00BF00BF00200190C0
:1081D0000846006840F0100008600846006800F09B
:1081E0001000019000BF00BF002289153748FCF73E
:1081F000E9FF012240213648FCF7E4FF012210216B
:108200003448FCF7DFFF012211463348FCF7DAFF60
:108210004FF480700290012003900020049005909C
:1082200002A92A48FCF7CCFE4020029001200390CE
:108230000490059002A92648FCF7C2FE082002908F
:108240004FF4041003900120049002A92048FCF789
:10825000B7FE1020029001200390049002200590A8
:1082600002A91C48FCF7ACFE302002904FF4041029
:1082700003900120049002A91448FCF7A1FE0120FC
:108280000290039004900220059002A91248FCF786
:1082900097FE002205210920FDF762F80920FDF76D
:1082A0004BF8002205210A20FDF75AF80A20FDF7B5
:1082B00043F8002205211720FDF752F81720FDF79B
:1082C0003BF807B000BD0000303802400008024013
:1082D00000180240000002400004024010B50F48A0
:1082E0000F4908604FF48270486000210C4881609B
:1082F000C16002210161012141614902816138218E
:10830000C16100210162416281620A21C162FDF7FF
:1083100029FC08B1FBF784FB10BD000000300140D0
:10832000980C00201FB5002000900190029003904F
:108330000E480F4908600020486000210C48816009
:108340004FF6FF71C160002101618161FDF7D4FE2C
:1083500008B1FBF765FB4FF4805000906946044874
:10836000FDF7A4FF08B1FBF75BFB1FBD0018004041
:10837000880E002000B591B000200F9010901C21B5
:1083800008A8F7F7C7FF20216846F7F7C3FF23487F
:1083900023490860002048600021214881604FF691
:1083A000FF71C1600021016141618161FEF76FF9D8
:1083B00008B1FBF735FB00200F9010900FA918486B
:1083C000FDF740FE08B1FBF72BFB60200890002072
:1083D00009900A900B900C900D900E90002208A925
:1083E0000F48FEF7D2F808B1FBF71AFB0020009007
:1083F00001900290039004904FF4005005900020EB
:10840000079069460648FDF7E3FD08B1FBF708FB56
:108410000348FEF789F811B000BD000000000140DC
:10842000B00D002000B587B00020039004900590A7
:1084300006900190029015481549086040F24730B7
:10844000486000211248816040F2CF71C160002174
:1084500001618161FDF750FE08B1FBF7E1FA4FF4CD
:108460008050039003A90A48FDF720FF08B1FBF7ED
:10847000D7FA00200190029001A90548FDF7E2FD1E
:1084800008B1FBF7CDFA07B000BD000000040040C2
:10849000F80D002000B587B00020039004900590EF
:1084A0000690019002901548154908600020486028
:1084B0000021134881604FF6FF71C1600021016106
:1084C00041618161FDF718FE08B1FBF7A9FA4FF48D
:1084D0008050039003A90A48FDF7E8FE08B1FBF7B6
:1084E0009FFA00200190029001A90548FDF7AAFD1E
:1084F00008B1FBF795FA07B000BD00000004014089
:10850000400E002010B50B480B4908604FF4E130D5
:108510004860002108488160C16001610C2141610F
:1085200000218161C161FEF79FFA08B1FBF778FA7B
:1085300010BD000000100140D00E002010B50B4807
:108540000B4908600B484860002109488160C16000
:108550004FF4806101610C21416100218161C161A1
:10856000FEF782FA08B1FBF75BFA10BD0048004045
:10857000180F0020A086010010B50B480B490860B9
:108580004FF4E1304860002108488160C16001611A
:108590000C21416100218161C161FEF765FA08B1DA
:1085A000FBF73EFA10BD000000140140600F0020F0
:1085B000F0EE400A9FED040A20EE801ADFED031A68
:1085C00081EE210A70470000DB0F49400000344370
:1085D000F0EE400AF5EEC00AF1EE10FA03D8B7EE5D
:1085E000001AF0EE410A012902D0022918D108E050
:1085F00090ED001AD0ED011A31EE611A81EE200AD9
:1086000011E090ED021AD0ED011AB0EE002A02EE50
:10861000611AD0ED001A31EE211A81EE200A02E033
:1086200090ED000A00BF00BF704780ED000AC0ED6A
:10863000010A7047F0EE400AF6EE001A60EEA11A49
:10864000B0EE611AB0EE600A10EE100A0749A1EB15
:10865000600000EE100A21EE002AF7EE081A42EE42
:10866000401A61EE801AB0EE610A7047DF59375F39
:1086700000BFFEE72DE9F04706460F4690469946B3
:1086800040F21120874203D11949404600F0A8FF6B
:10869000002429E0002520E0164850F824008069D5
:1086A000B04219D1134850F82400001D50F825009D
:1086B000406BB84210D17EB10E4951F82410091D0B
:1086C00051F825000B4951F82410091D51F82510C7
:1086D0004A464B6C414698476D1C064850F82400AA
:1086E0000078A842D8DC641C042CD3DBBDE8F087FA
:1086F0006484002074840020014609B9002070477A
:1087000091F82C0008B90020F9E7002291F82C001C
:10871000012807D091F82C00022803D091F82C00F2
:1087200003280CD191ED0C0ADFED060A20EE200A99
:10873000BDEEC00A10EE100A02B290B2DFE70020D0
:10874000DDE7000000007A4408B550485049086051
:1087500040F2FF104F4B0422032100904B4800F0E1
:10876000E5F84D4B9FED4D0A4FF4027203214C4842
:1087700000F0B6F8484B9FED490A40F2072203216A
:10878000484800F0ADF8444B9FED440A40F2062201
:108790000321454800F0A4F83F4B9FED400A40F20A
:1087A00005220321414800F09BF8414B9FED3B0A15
:1087B00040F2072202213F4800F092F83B4833493B
:1087C00048603949314881603649C16034490161A6
:1087D00039482F4948604FF40070384B042201217A
:1087E0000090354800F0A2F8354B9FED2C0A4FF46D
:1087F00001720121334800F073F8314B9FED270AD5
:1088000040F203220121304800F06AF82E492A483C
:10881000C1602C4901612D481D4988604FF40070EA
:108820001C4B042201210090284800F07FF8244BC3
:108830009FED1A0A40F201220121254800F050F86C
:108840001F4B9FED160A40F202220121214800F041
:1088500047F81B4B9FED110A40F2032201211E48ED
:1088600000F03EF8164B9FED0D0A4FF40172012106
:108870001A4800F035F8164814494860154913485D
:1088800081601549C1601549016108BDB8840020A7
:1088900074840020480C00207DE10008CDCCCC3D44
:1088A000F88600204C870020A0870020F487002055
:1088B00049F50008F0880020EC840020700C0020AE
:1088C0001DF700089C880020488800208484002030
:1088D00054850020A8850020FC85002050860020BB
:1088E0002DE9F0412DED028B04460D461646B0EE03
:1088F000408A1F461CB9BDEC028BBDE8F081002008
:108900002C3420612570A660207520739FED060A27
:1089100084ED010AA7612C3C04F14800B0EE480A3E
:10892000FBF7ADF800BFE6E7000000002DE9F041DD
:1089300004460E4617461D46DDF818800CB9BDE802
:10894000F0812770267505B9F9E7A5610823002293
:10895000414604F11C00F9F7BFFD002004E00022AD
:10896000211D41F82020401C0428F8DB00BFE6E769
:1089700070B5002410E000250BE0094951F82410DF
:10898000091D51F8250000F00DF808B9002070BD50
:108990006D1C042DF1DB641C042CECDB0120F6E7DC
:1089A0007484002070B504460CB9002070BD94F8A2
:1089B0002C0008B90020F9E7FCF70AFC0546E06B3B
:1089C000281AC82801D20120F0E70020EEE710B5F0
:1089D00090B004460CB910B010BD40216846F7F7BE
:1089E00099FC6068FFF788FE00128DF8000060684F
:1089F000FFF782FEC0B28DF80100A068FFF77CFE91
:108A000000128DF80200A068FFF776FEC0B28DF864
:108A10000300E068FFF770FE00128DF80400E068C4
:108A2000FFF76AFEC0B28DF805002069FFF764FE0B
:108A300000128DF806002069FFF75EFEC0B28DF8C7
:108A400007006A4604F11C01A069F9F777FD00BF31
:108A5000C1E780ED0C0A704780ED0C0A704700B545
:108A600003F0ECFA00BD00BFFEE7D0ED000A70EEA7
:108A7000800AC0ED000A704770B52DED088B0446E2
:108A80000D46287800287CD194ED000AD4ED010A27
:108A900030EE600AB0EE408A94ED030A84ED040AD9
:108AA00094ED020A84ED030A84ED028AB7EE000A0F
:108AB000012104F10800FFF78BFDB0EE409A94ED20
:108AC000070A84ED080A94ED060A84ED070A94ED7E
:108AD000000A84ED060AB7EE000A012104F118002D
:108AE000FFF776FDF0EE409AB7EE000A022104F19E
:108AF0001800FFF76DFDB0EE40AA84ED148A95EDE5
:108B0000010AB5EEC00AF1EE10FA06D194ED0A0A98
:108B100030EE080A84ED0A0A0DE0D4ED050A95ED61
:108B2000011A80EE810AD4ED0A0A70EE880A30EE4E
:108B3000200A84ED0A0A94ED0A0AD5ED040AB4EE7F
:108B4000E00AF1EE10FA04DD95ED040A84ED0A0A5C
:108B500010E094ED0A0AD5ED040AF1EE600AB4EED5
:108B6000E00AF1EE10FA05D295ED040AB1EE400AE2
:108B700084ED0A0AD5ED080A60EEA90AB0EE600A93
:108B800000E036E004F1400105F12800FAF74BFF60
:108B9000F0EE40AAD5ED090A60EE8A0AB0EE600A4E
:108BA00004F1480105F12C00FAF73DFF3AEE800A86
:108BB00084ED090A04F1300105F11800B0EE490A0C
:108BC000FAF731FFF0EE400A95ED020A94ED0A1A29
:108BD00020EE010A95ED011A01EE080A95ED031A3F
:108BE00001EE200AD4ED090A30EE200A84ED0B0ACA
:108BF000C6E028780128FBD194ED000AD4ED010AE3
:108C000030EE600AB0EE408A94ED030A84ED040A67
:108C100094ED020A84ED030A84ED028AB7EE000A9D
:108C2000012104F10800FFF7D3FCB0EE40BA04F1D3
:108C3000380105F11C00FAF7F6FEB0EE409AB7EEE7
:108C4000000A022104F10800FFF7C2FCF0EE409A8E
:108C500094ED070A84ED080A94ED060A84ED070AEC
:108C600094ED000A84ED060AB7EE000A012104F132
:108C70001800FFF7ADFCB0EE40AAB7EE000A0221E3
:108C800004F11800FFF7A4FCF0EE40AA84ED148A6A
:108C900095ED010AB5EEC00AF1EE10FA02D184EDAD
:108CA0000A8A09E0D4ED050A95ED011A80EE810AE1
:108CB00030EE080A84ED0A0A94ED0A0AD5ED040A9A
:108CC000B4EEE00AF1EE10FA04DD95ED040A84ED4D
:108CD0000A0A10E094ED0A0AD5ED040AF1EE600AE2
:108CE000B4EEE00AF1EE10FA05D295ED040AB1EE09
:108CF000400A84ED0A0AD5ED080A60EE8A0AB0EE51
:108D0000600A04F1400105F12800FAF78CFEB0EE8C
:108D100040BAD5ED090A60EEAA0AB0EE600A04F185
:108D2000480105F12C00FAF77EFE3BEE000A84EDC7
:108D3000090A04F1300105F11800B0EE690AFAF7EA
:108D400072FEF0EE400A95ED020A94ED0A1A20EE4A
:108D5000010A95ED011A01EE090A95ED031A01EEDB
:108D6000200AD4ED0B0A30EE200A84ED0B0A94EDB4
:108D70000B0AD4ED090A30EE200A84ED0B0A00BF7D
:108D8000D4ED0B8A94ED0B0AD5ED050AB4EEE00A9A
:108D9000F1EE10FA04DD95ED050A84ED0B0A10E002
:108DA00094ED0B0AD5ED050AF1EE600AB4EEE00A87
:108DB000F1EE10FA05D295ED050AB1EE400A84ED08
:108DC0000B0A94ED0B0A30EE680A84ED050ABDEC3F
:108DD000088B70BD9FED1A0A80ED000A9FED180AFE
:108DE00080ED010A9FED160A80ED020A9FED140A3C
:108DF00080ED030A9FED120A80ED040A9FED100A30
:108E000080ED050A9FED0E0A80ED060A9FED0C0A23
:108E100080ED070A9FED0A0A80ED080A9FED080A17
:108E200080ED090A9FED060A80ED0A0A9FED040A0B
:108E300080ED0B0A9FED020A80ED140A70470000D6
:108E40000000000090ED010A704790ED0B0A70479A
:108E500090ED000A7047000070B52DED0C8B0446B4
:108E60000D4624B99FED6E0ABDEC0C8B70BD00EE73
:108E7000105AB8EEC00A84ED030A94ED030ADFED40
:108E8000690A20EE200A84ED040A94ED0A0A10EE25
:108E9000101A0846F7F782FB41EC1B0B94ED040A0D
:108EA00010EE101A0846F7F779FB41EC1D0BB0EEF7
:108EB0004D0AF0EE6D0A04F0DDFEB0EE40CAF0EEB1
:108EC00060CA53EC1B2B51EC1C0BF7F77BFB17D242
:108ED0009FED530A84ED080A9FED510A84ED050ABF
:108EE0009FED4F0A84ED060A9FED4D0A84ED070AB7
:108EF0009FED4B0A4C4880ED000A9FED490AB3E70D
:108F000094ED060A84ED070A94ED050A84ED060A3D
:108F100094ED040A84ED050A94ED050AD4ED060AE1
:108F200070EE608A94ED050AD4ED060AB0EE001AE0
:108F300001EE600AD4ED070A30EE209ADFED3B9A8D
:108F4000394890ED000ADFED3A0A20EE200ADFED05
:108F5000370A09EE200A80ED000A94ED020AD0EDEE
:108F6000000A20EE208A9FED330AB4EEC08AF1EEAB
:108F700010FA04DD9FED2F0AB0EE408A0AE09FED63
:108F80002E0AB4EEC08AF1EE10FA03D29FED2A0A3F
:108F9000B0EE408A94ED010AD4ED050A20EE200AD5
:108FA000D4ED000A00EEA80A30EE080A84ED080AA3
:108FB00094ED080AD4ED090AB4EEE00AF1EE10FAD5
:108FC00004DD94ED090A84ED080A10E094ED080A26
:108FD000D4ED090AF1EE600AB4EEE00AF1EE10FAFF
:108FE00005D294ED090AB1EE400A84ED080A9FED1E
:108FF0000FAA124890ED000ADFED0D0A20EE200ABC
:10900000D4ED080A9FED091A00EE810A84ED080AE2
:1090100094ED080A80ED000A94ED080A24E70000A8
:10902000000000000AD7233CFC040020CDCCCC3D3E
:109030006666663FCDCC4C3DCDCC4CBD00050020D6
:1090400000B9704780ED000AC0ED010A80ED021AF8
:10905000C0ED091A80ED0A2ADFED0C2AC0ED032AC3
:10906000DFED0A2AC0ED042ADFED082AC0ED052A4B
:10907000DFED062AC0ED062ADFED042AC0ED072A3F
:10908000DFED022AC0ED082A00BFDAE70000000089
:1090900070B52DED0C8B0446B0EE408AF0EE608A80
:1090A000B0EE419AF0EE619AB0EE42AAF0EE62AAFA
:1090B000B0EE43BAF0EE63BAB0EE44CAF0EE64CA62
:1090C000B0EE45DA0D46257084ED018AC4ED028AC2
:1090D00084ED039AC4ED049A84ED05AA04F1180006
:1090E000B0EE6A0AFAF7CBFC04F11C00B0EE4B0AB2
:1090F000FAF7C5FCC4ED08BA84ED09CA04F12800EA
:10910000B0EE6C0AFAF7BBFC04F12C00B0EE4D0A8D
:10911000FAF7B5FCBDEC0C8B70BD80ED010A704711
:1091200080ED000A704702460B4618781076012041
:10913000704710B502460B46188850835C899483AB
:10914000012010BD02460B46186810635868506332
:10915000986890630120704730B503460C46254659
:10916000287883F8220069782320C154698899847B
:10917000A97A2820C154287B00F001012920C1547C
:10918000287BC0F340012A20C154287BC0F3800112
:109190002B20C1542989D98493F8220001F094FB33
:1091A000188193F822002978884207D0287883F81C
:1091B000220093F8220001F087FB1881012030BDC6
:1091C00010B502460B46187800F00F009072187820
:1091D0000009D072B3F801009081D3F80300D3F8EE
:1091E0000740C2E90404012010BD10B502460B4639
:1091F0005C88D4851C889485012010BD10B502467A
:109200000B46187890775C78D4779C78202084542B
:10921000012010BD10B502460B46187812F83C4FDD
:1092200060F30304147018780409107864F30710CD
:1092300002F83C09012010BD10B502460B46187813
:1092400082F83D005C783E2084549C783F20845412
:10925000D3F8030000EE100ABCEEC00A10EE100AAC
:10926000C4B240208454012010BD000070B52DED23
:10927000088B86B004460D46164694ED040ACA488B
:10928000D0ED000A30EE600AB0EEC00ADFEDC70A8A
:10929000B4EEE00AF1EE10FA22DC94ED050AC448BF
:1092A000D0ED000A30EE600AB0EEC00ADFEDBF0A72
:1092B000B4EEE00AF1EE10FA12DC94ED060ABD48B5
:1092C000D0ED000A30EE600AB0EEC00ADFEDB70A5A
:1092D000B4EEE00AF1EE10FA02DC207800287DD02E
:1092E00094ED040ADFEDB40A80EE201AB0EE41BA24
:1092F000B0EE4B0AF7F7B6FAF0EE408A94ED050AA5
:10930000DFEDAD0A80EE201AB0EE41BAB0EE4B0AA6
:10931000F7F7A8FAF0EE40AA94ED060ADFEDA60AE8
:1093200080EE201AB0EE41BAB0EE4B0AF7F79AFA87
:10933000B0EE409A94ED040ADFED9F0A80EE201A09
:10934000B0EE41BAB0EE4B0AF7F700FEB0EE40AA1D
:1093500094ED050ADFED980A80EE201AB0EE41BACE
:10936000B0EE4B0AF7F7F2FDF0EE409A94ED060AE4
:10937000DFED910A80EE201AB0EE41BAB0EE4B0A52
:10938000F7F7E4FDB0EE408A68EE890A2AEE291A62
:10939000B0EE480A41EE000A8848C0ED000A2AEE05
:1093A0008A0A874880ED000AB0EE480A28EE800A53
:1093B00069EE0A0A00EEE90A824880ED000A68EECA
:1093C000A90AB0EE480A20EE800A09EE4A0A7E4851
:1093D00080ED000A28EEAA0A7C4800E021E080ED3A
:1093E000000AF1EE4A0AB0EE480A20EE800A68EE62
:1093F000890A00EEE90A764880ED000AF1EE6A0A71
:10940000B0EE480A20EE800A724880ED000A7248E9
:10941000C0ED009A2AEE890A704880ED000A00200B
:109420002070002011E005EB800191ED000A211D64
:1094300001EB8001D1ED000A20EE200A03A901EB27
:10944000800181ED000A411CC8B20328EBDB9DEDD1
:10945000030A5A48D0ED000A20EE200ADDED040A86
:10946000574890ED001A01EE200ADDED050A554837
:1094700090ED001A01EE200A85ED000A9DED030A29
:109480005148D0ED000A20EE200ADDED040A4F48D5
:1094900090ED001A01EE200ADDED050A4C4890ED32
:1094A000001A01EE200A85ED010A9DED030A4948E4
:1094B000D0ED000A20EE200ADDED040A464890EDCA
:1094C000001A01EE200ADDED050A444890ED001A6D
:1094D00001EE200A85ED020A00200AE006EB800179
:1094E00091ED000A694601EB800181ED000A411C03
:1094F000C8B20328F2DB9DED000A3048D0ED000A27
:1095000020EE200ADDED010A2D4890ED001A01EE53
:10951000200ADDED020A2B4890ED001A01EE200A28
:1095200086ED000A9DED000A2748D0ED000A20EEE6
:10953000200ADDED010A254890ED001A01EE200A0F
:10954000DDED020A224890ED001A01EE200A86EDB8
:10955000010A9DED000A1F48D0ED000A20EE200A06
:10956000DDED010A1C4890ED001A01EE200ADDED48
:10957000020A1A4890ED001A01EE200A86ED020A4E
:1095800094ED040A084880ED000A94ED050A0848A5
:1095900080ED000A94ED060A064880ED000A06B048
:1095A000BDEC088B70BD0000EC0000206F12833A08
:1095B000F0000020F4000020E12E6542F8000020B9
:1095C000FC00002000010020040100200801002010
:1095D0000C010020100100201401002018010020BF
:1095E00000B101B970470246138800EE103AB8EE98
:1095F000400ADFED140A80EE201A81ED001A53882C
:1096000000EE103AB8EE400ADFED0E0A80EE201AA6
:1096100081ED011A938800EE103AB8EE400ADFEDB2
:10962000090A80EE201A81ED021AD38800EE103A62
:10963000B8EE400ADFED030A80EE201A81ED031A2E
:1096400000BFCFE70000C84200487047C093002029
:1096500010B500F011F810BD10B5FFF7F5FF044686
:10966000FBF7B6FD6168401AB0F5FA7F02D9022017
:10967000207010BD0120FCE710B5FFF7E5FF0446A0
:10968000FBF7A6FD606010BD02480068401C014960
:10969000086070474805002070B5FFF7D5FF044605
:1096A00004202070FBF794FD05462248006803283B
:1096B00004DB0020204908601E49086030E01D4896
:1096C0000068022806D11C48006818B901201A4910
:1096D000086029E007E0FBF77BFD401B022802D36E
:1096E000FFF7D2FF70BD1548FAF7F9FE0028F2D057
:1096F00013481049096800EBC100406858B110498F
:109700000C4B1B6851F833000A4B1B6801EBC3017B
:109710004A680C49904707480068401C05490860A2
:10972000044800680428CADB00BF0120207000BF85
:10973000D8E70000500500204C050020700C0020E8
:1097400054050020F892002010B5044654F8EC0FA0
:1097500090ED000A834880ED000A206890ED010A30
:10976000814880ED000A206890ED020A7F4880ED74
:10977000000A54F8EC0990ED030A7D4880ED000AD8
:109780007848D0ED000A60EEA00A774890ED001A04
:10979000D0ED001A41EE210A744890ED001AD0ED88
:1097A000001A41EE210A724890ED001AD0ED001A1D
:1097B00041EE210AB0EE600AFEF73CFF6D4880EDF5
:1097C000000A002012E0D4F8EC1001EB800191EDCA
:1097D000000A6849D1ED000A20EE200AD4F8EC1006
:1097E00001EB800181ED000A411CC8B20428EADBCC
:1097F000614890ED6F0A5C48D0ED000A20EE200A27
:10980000F0EE000A80EE201AF834A06880ED041A09
:10981000594890ED6F0A5548D0ED000A20EE200A15
:10982000F0EE000A80EE201AA06880ED051A52487A
:1098300090ED6F0A4B48D0ED000AF1EE600A20EE81
:10984000200AF0EE000A80EE201AA06880ED0A1AC5
:10985000494890ED6F0A4648D0ED000A20EE200AF4
:10986000F0EE000A80EE201AA06880ED0B1A424844
:1098700090ED6F0A3E48D0ED000AF1EE600A20EE4E
:10988000200AF0EE000A80EE201AA06880ED101A7F
:10989000394890ED6F0A3348D0ED000AF1EE600AC6
:1098A00020EE200AF0EE000A80EE201AA06880ED7B
:1098B000111A314890ED6F0A2C48D0ED000A20EEC5
:1098C000200AF0EE000A80EE201AA06880ED161A39
:1098D000294890ED6F0A2448D0ED000AF1EE600AA5
:1098E00020EE200AF0EE000A80EE201AA06880ED3B
:1098F000171A206890ED1C0A1F48D0ED740A80EEFC
:10990000201A206880ED1C1A206890ED230A1A485E
:10991000D0ED740A80EE201A206880ED231A54F8E6
:10992000F80990ED1C0ADFED150AB4EEE00AF1EE3D
:1099300010FA05DD9FED110AD4F8F80080ED1C0A3D
:10994000D4F8F80090ED230ADFED0C0AB4EEE00A3B
:10995000F1EE10FA05DD9FED090AD4F8F80080ED6C
:10996000230A10BD14050020180500201C05002046
:1099700020050020240500201891002000401C46EE
:1099800010B52DED068BF0EE408AB0EE60AAB0EE79
:10999000419AB0EE618AF0EE429A01203A4908708D
:1099A0000846C0ED6C8A80ED6DAA80ED6E9A9FED41
:1099B000370A80ED730A002081F838010A46C2F8A0
:1099C0004001C2F844010021C2F84811C2F84C110C
:1099D000B7EE000AB4EEC08AF1EE10FA03DDB7EE7E
:1099E000000AB0EE408A284880ED748AC0ED649A7F
:1099F000032300220621001DFDF72BFD244B01222D
:109A00001146A3F10800F6F7DCFFB7EE000A1E4886
:109A1000D0F8EC0080ED000A9FED1E0A1A48D0F83D
:109A2000EC0080ED010A9FED1B0A1748D0F8EC000E
:109A300080ED020A9FED170A1348D0F8EC0080ED84
:109A4000030A15491048C0F8D0101449C0F8D410C2
:109A50001349C0F8D8101349C0F8DC10012180F870
:109A60002E1080F82F1001469022D1F804010E49E3
:109A7000F6F737FC04499022D1F8FC000B49F6F7C1
:109A800030FCBDEC068B10BD1891002077CC2B323A
:109A9000E092002000000000B19A000849970008F9
:109AA000E59A000845A20008541801086404002043
:109AB00010B5044654F8F81F90220748F6F711FC39
:109AC00048220648616AF6F70CFC6169F83C4822B6
:109AD0000348F6F706FC10BD6404002088900020BF
:109AE000D090002070B50446042554F8EC0F90ED9A
:109AF000000AF0EE000A20EE200A3F4880ED000A3E
:109B0000206890ED010AF0EE000A20EE200A3B48A2
:109B100080ED000A206890ED020AF0EE000A20EEC7
:109B2000200A374880ED000A206890ED030AF0EE25
:109B3000000A20EE200A334880ED000A14F8DE2CDB
:109B400012FB05F214F8E03C12FB03F1206AF6F771
:109B5000E1FB2B4890ED000AB1EE400A206A80ED4F
:109B6000000A284890ED000A206A80ED010A224888
:109B700090ED000AB1EE400A206A80ED020A1F480B
:109B800090ED000A206A80ED030A1C4890ED000A5F
:109B9000206A80ED060A184890ED000A206A80EDE0
:109BA000070A184890ED000A206A80ED080A144858
:109BB00090ED000A206A80ED090A0F4890ED000A36
:109BC000206A80ED0C0A0D4890ED000AB1EE400AC3
:109BD000206A80ED0D0A0A4890ED000AB1EE400AB5
:109BE000206A80ED0E0A074890ED000A206AEC3CDE
:109BF00080ED0F0A70BD0000280500202C05002014
:109C0000300500203405002010B52DED088BB0EE96
:109C100040AAF0EE60AAB0EE41BAF0EE618AB0EE72
:109C2000429AF0EE629AB0EE438AFE48007858B944
:109C30009FEDFD2AF7EE001A9FEDFC1ADFEDFC0AFE
:109C4000B2EE040AFFF79CFEF64880ED6F8A90EDB5
:109C5000580A3AEE400A80ED5B0A90ED590A3AEE56
:109C6000C00A80ED5C0A90ED5A0A3BEE400A80ED96
:109C70005D0A90ED5B0AF6EE000A20EE200A20EE67
:109C8000080AEC4880ED000AE64890ED5C0AF6EE22
:109C9000000A20EE200A20EE080AE74880ED000ABC
:109CA000E04890ED5D0AF6EE000A20EE200A20EE74
:109CB000080AE24880ED000ADA499022D1F804014E
:109CC000DF49F6F70EFBDB4890ED000AB1EE400AE3
:109CD000D448D0F8040180ED010AD74890ED000A7D
:109CE000B1EE400ACF48D0F8040180ED020AD34813
:109CF00090ED000AB1EE400ACA48D0F8040180EDA8
:109D0000030ACC4890ED000AC648D0F8040180ED63
:109D1000060ACA4890ED000AC248D0F8040180ED56
:109D2000080AC54890ED000AB1EE400ABD48D0F8D7
:109D3000040180ED090AC04890ED000AB948D0F846
:109D4000040180ED0C0ABD4890ED000AB1EE400A16
:109D5000B448D0F8040180ED0D0AB64890ED000A31
:109D6000B048D0F8040180ED0F0AB44890ED000A25
:109D7000AC48D0F8040180ED120AAF4890ED000A1B
:109D8000A848D0F8040180ED130AAA4890ED000A13
:109D9000B1EE400AA348D0F8040180ED140AA148AE
:109DA000001DFFF785FE9F48D0F84811D0F84C0100
:109DB000002359405840014306D19A48C0ED5E8ABD
:109DC00080ED5F9AC0ED609A964890ED5E0AD0ED06
:109DD000640A60EE200A90ED6F0A90ED641A30EE8E
:109DE000011A80EE810AD0ED6F0A90ED641A70EED0
:109DF000810A90ED6F1A21EE281AC1EE201A30EE7A
:109E0000210A80ED5E0A90ED5F0AD0ED640A60EEF3
:109E1000200A90ED6F0A90ED641A30EE011A80EE80
:109E2000810AD0ED6F0A90ED641A70EE810A90ED10
:109E30006F1A21EE091AC1EE201A30EE210A80EDC8
:109E40005F0A90ED600AD0ED640A60EE200A90EDA2
:109E50006F0A90ED641A30EE011A80EE810AD0ED9F
:109E60006F0A90ED641A70EE810A90ED6F1A21EE80
:109E7000291AC1EE201A30EE210A80ED600AD0EDD9
:109E80005E0A60EEA00A90ED5F1AD0ED5F1A41EE17
:109E9000210A90ED601AD0ED601A41EE210AB0EE71
:109EA000600AFEF7C7FB674880ED000A002011E05A
:109EB000654901EB800191ED000A6249D1ED000A8C
:109EC00020EE200A5749896801EB800181ED000AE4
:109ED000411CC8B20328EBDB5248D0ED5B0A60EEB0
:109EE000A00A90ED5C1AD0ED5C1A41EE210A90EDCB
:109EF0005D1AD0ED5D1A41EE210AB0EE600AFEF760
:109F000099FBF7EE000A80EE801A464880ED651A4C
:109F10004C4890ED000AF7EE000A80EE801A4148A6
:109F200080ED661A90ED650ADFED480AB4EEE00AAE
:109F3000F1EE10FA16D290ED660ADFED450AB4EEA6
:109F4000E00AF1EE10FA0DDD90ED660ADFED410A50
:109F5000B4EEE00AF1EE10FA04D20120314981F8A2
:109F6000390103E000202F4981F839012D4890ED97
:109F70006C0AD0ED6F0A20EE200AD0F8180180EDAF
:109F8000000A284890ED6C0AD0ED6F0A20EE200AF6
:109F9000D0F8180180ED070A224890ED6C0AD0ED48
:109FA0006F0A20EE200AD0F8180180ED0E0A1D4835
:109FB00090ED6C0AD0ED6F0A20EE200AD0F818015F
:109FC00080ED150A174890ED6D0AD0ED6F0A20EE6E
:109FD000200AD0F8180180ED1C0A124890ED6D0A95
:109FE000D0ED6F0A20EE200AD0F8180180ED230A88
:109FF0000C4890ED6E0AD0F81C0180ED000A09486B
:10A0000090ED6E0AD0F81C0180ED040A054890ED31
:10A010006E0AD0F81C0180ED080A0248001DFDF709
:10A0200036FE19E018910020000000008096184BC1
:10A030006F12833A04050020080500200C0500205B
:10A040005418010810050020909200209A99993E1A
:10A05000CDCC1441CDCC24417548406890ED000A28
:10A06000734880ED540A406890ED010A704880ED15
:10A07000550A406890ED020A6D4880ED560A406826
:10A0800090ED030A6A4880ED570A406890ED040A93
:10A09000674880ED580A406890ED050A644880EDF5
:10A0A000590A1FED1F0A80ED5A0A90ED541A21EE4D
:10A0B000011AD0ED551A90ED552A01EE821AF7EEED
:10A0C000001AB0EE002A52EE011AF0EE610A90ED8D
:10A0D000541AD0ED571A21EE211AD0ED551A90EDF1
:10A0E000562A01EE821AF0EE001A21EE211AB0EE85
:10A0F000410A03F097FCDFED4F0A20EE200A4C489E
:10A1000080ED6A0A90ED541A21EE011AD0ED571A2B
:10A1100090ED572A01EE821AF7EE001AB0EE002AEF
:10A1200052EE011AF0EE610A90ED541AD0ED551A74
:10A1300021EE211AD0ED561A90ED572A01EE821A1F
:10A14000F0EE001A21EE211AB0EE410A03F06AFC8B
:10A15000DFED380A20EE200A354880ED690AD0ED9F
:10A16000550A90ED571A60EE810A90ED541AD0ED21
:10A17000561A41EE610AB8EE001A60EE810AB0EE9E
:10A18000600A03F0B9FBDFED2B0A20EE200A284815
:10A1900080ED680A90ED6A0AD0ED760A30EE600A2A
:10A1A000DFED250AB4EEE00AF1EE10FA07DDB0F8B3
:10A1B000D401401E00B21E49A1F8D40114E01C488D
:10A1C00090ED6A0AD0ED760A30EE600ADFED1B0AE8
:10A1D000B4EEE00AF1EE10FA06D2B0F8D401401C59
:10A1E00000B21349A1F8D401114890ED6A0AB0F900
:10A1F000D40100EE900AF8EEE00A9FED111A01EE8C
:10A20000200A0B4880ED6B0A90ED6A0A80ED760A11
:10A21000D0F84811D0F84C01491C40F10000044A24
:10A22000C2F84811C2F84C01BDEC088B10BD00000B
:10A2300018910020E12E654200003443000034C331
:10A240000000B44370B52DED028B0446042604F1E2
:10A25000800104F17800F6F71FFE84F8C800B4F816
:10A260007800A4F8A8005A20015BAA20015304F149
:10A27000A80204F1580104F17800F6F70FFD84F804
:10A28000C800B4F8A800A4F8B0008220015BB22096
:10A29000015304F1B00204F1800104F1A800F6F7C3
:10A2A000FDFC84F8C800B4F89000A4F8A000922047
:10A2B000015BA220015304F1A00204F1900104F11A
:10A2C000B000F6F71FFB84F8C80004F1B00104F1F8
:10A2D000A000F6F77BFBAC342077206C90ED000AF1
:10A2E000FE4880ED000A206C90ED010AFC4880EDEC
:10A2F000000A206C90ED020AFA4880ED000A206CFA
:10A3000090ED030AF84880ED000A34F8340CA0817F
:10A31000AC3C0121BA200153F14890ED000AF2480B
:10A32000D0ED000A20EE200AEC48D0ED000AED48FE
:10A3300090ED001A00EEC10AF0EE000A20EE200AAD
:10A34000D4F82C0180ED000AE44890ED000AE448BE
:10A35000D0ED000A20EE200AE248D0ED000AE248E3
:10A3600090ED001A00EE810AF0EE000A20EE200ABD
:10A37000D4F82C0180ED010AD84890ED000A20EEB7
:10A38000000AD748D0ED000A90ED001A00EEC10A8D
:10A39000D448D0ED000A90ED001A00EEC10AD24870
:10A3A000D0ED000A90ED001A00EE810AD4F82C01DD
:10A3B00080ED020A002512E0D4F82C0100EB8500A4
:10A3C00090ED000AB0EEC00AB0EE408A03F008FA41
:10A3D000C64800EB850080ED000A681CC5B2032D5D
:10A3E000EADBB4F84800A4F8C0000121C220015300
:10A3F00004F1C00204F1B80104F14800F6F7ECFCE6
:10A4000084F8C800B4F8C000A4F8A8000121AA206C
:10A41000015304F1A80204F1C00104F1B000F6F701
:10A420003DFCB8342074012020802189B83CBA203A
:10A43000015304F1B80104F1C000F6F72DFD84F8D2
:10A44000C800AA4A3C3204F1A80104F1B800F6F7AA
:10A4500025FC84F8C800A64890ED720AD0ED730A76
:10A46000B6EE001A60EE810AB4EEE00AF1EE10FAE0
:10A4700003D201209E4981F838019D4890ED720A6F
:10A48000D0ED730AB4EEE00AF1EE10FA41DD90F877
:10A490003801E8B3964890F8390168B19448D0F88B
:10A4A0004011D0F84401491C40F10000904AC2F824
:10A4B0004011C2F8440105E000218D4AC2F8401164
:10A4C000C2F844118A48322200F5A0700AC8002060
:10A4D000511A984106D20020854981F8380184F844
:10A4E0002C0047E0237B03FB06F2D4E93A01F5F7A1
:10A4F000F8FE237B7343257B03FB05F2D4E93E0181
:10A50000F5F7EFFE012084F82C00BDEC028B70BD46
:10A51000FFE7774890ED720AD0ED730A9FED751A48
:10A5200060EE810AB4EEE00AF1EE10FA14DD90F864
:10A53000380188B16E4890ED730AD0ED720A30EEA2
:10A54000600AD0ED730A9FED6C1A60EE810A80EE0E
:10A55000201A80ED671A04E0B7EE000A644880ED27
:10A56000670A0021624AC2F84011C2F84411002073
:10A5700084F82C00B4F85800A4F8A8008220015BED
:10A58000AA20015304F1A80204F1800104F158004B
:10A59000F6F784FB84F8C80004F1980204F1B001D6
:10A5A00004F1A800F6F77AFB84F8C800002012E056
:10A5B000D4F81C1101EB800191ED000A4C49D1ED5A
:10A5C000670A20EE200AD4F81C1101EB800181ED0E
:10A5D000000A411CC8B2B4F898109A22125B514389
:10A5E0008142E5DC042025E000211FE0021F3F4BF3
:10A5F00003EB8202D2ED000A9FED401A80EE810A41
:10A6000000EB40030B44D4F81C2102EB8302D2ED93
:10A61000000A20EE200A00EB40030B44D4F81C2172
:10A6200002EB830282ED000A4A1CD1B20329DDDB72
:10A63000411CC8B20628D7DBB4F89800A4F8B800CB
:10A640000121BA20015304F1B80204F1C00104F160
:10A650009800F6F723FB84F8C800254890F83801E5
:10A66000D0B3042056E0BC21095901EB800191EDE3
:10A67000000A1F49D1ED6F0A9FED211A60EE810A91
:10A68000B4EEE00AF1EE10FA0BDD91ED6F0ADFEDAA
:10A690001C0A20EE200ABC21095901EB800181ED42
:10A6A000000ABC21095901EB800191ED000A104913
:10A6B000D1ED6F0A9FED131A60EE810AB4EEE00A45
:10A6C000F1EE10FA24D291ED6F0ADFED0E0A20EEC2
:10A6D000200ABC21095917E01EE0000038050020BF
:10A6E0003C05002040050020440500209C920020ED
:10A6F00018910020CDCCCC3D6666663FDA0FC93F8D
:10A700000AD7233C0AD723BC01EB800181ED000A64
:10A71000411CC8B20628A6DB9FED080ABC200059E0
:10A7200080ED030A04F1300204F1B80104F13800AD
:10A73000F6F7E8F884F8C80000BFE6E6000000007D
:10A740002DE9F047044689461B4D04202870FAF78E
:10A750003FFD68602078A52803D003202870BDE85D
:10A76000F08705212046F7F761FE28B903202870FD
:10A77000022012490870F2E76078A17840EA0126C9
:10A7800094F8038006F109012046F7F72FFE28B957
:10A7900003202870042009490870E0E76079A17956
:10A7A00040EA01273246E11D384600F0E1F9012078
:10A7B000287000BFD3E70000008C00202C0300208D
:10A7C0002DE9F041274D00F0B1F808B1BDE8F08166
:10A7D000002407E0C4EB04114819042100F066FAD4
:10A7E000E01DC4B295F8C211E01D8142F2DC95F87B
:10A7F000C201001BC6B2052E0DDD374602E000F097
:10A800004DF87F1C072FFADBC4EB04114819042113
:10A8100000F04CFA20E0022E0DDD374602E000F099
:10A820003DF87F1C052FFADBC4EB04114819032106
:10A8300000F03CFA10E0022E06D1C4EB04114819D6
:10A84000022100F033FA07E0012E05D1C4EB041118
:10A850004819012100F02AFA002085F8C20100BF42
:10A86000B4E70000DB8D002070B505460A4C94F873
:10A87000C211C1EB011108190F222946F5F731FD6C
:10A8800094F8C201401C84F8C20194F8C201072860
:10A8900001DBFFF795FF70BDDB8D002010B5084C84
:10A8A00094F8C211C1EB011108190F220549F5F7FF
:10A8B00018FD94F8C201401C84F8C20110BD0000CC
:10A8C000DB8D0020CC8D0020024600210AE00748E5
:10A8D00030F82100904204D1044800EB8100408808
:10A8E0007047491C0E29F2D30020F9E7E610010851
:10A8F00000487047008C002010B5094C00F0C8F9E2
:10A90000FAF766FC60600748006802F07EFE4FF4CC
:10A91000967205490348006802F090FE10BD0000E1
:10A92000008C002028030020D48A0020034991F8DD
:10A93000C20108B9012070470020FCE7DB8D002030
:10A9400000B585B02E4800782E490978884201D19B
:10A9500005B000BD2A4800782A490870FFF730FF8B
:10A960002748007820B1012819D0022844D12CE0D2
:10A9700025480368254800892449C988234A127953
:10A98000CDE90303CDE901212048408800901F480C
:10A99000018803231A460220F8F74EFF2DE01C48D9
:10A9A00003681A480189C088184A1279CDE903134F
:10A9B000CDE9012015484088009014480188032300
:10A9C0001A460220F8F738FF17E0124803680F48CC
:10A9D00000890E49C9880D4A1279CDE90303CDE9F2
:10A9E00001210A48408800900848018803231A463C
:10A9F0000220F8F721FF00E000BF00BF00BFA7E77B
:10AA000090010020480300203C0300205A12010856
:10AA100040030020440300202DE9F04F0446DDE907
:10AA20000B7CDDE9096BDDE9119ADDF840800E9DB4
:10AA3000B1F1807F03D335480078BDE8F08F2170F5
:10AA4000080A6070080CA070E07862F30200E07001
:10AA5000E07863F3C500E070092E02DD2B48007832
:10AA6000EBE7B4F8030066F38910A4F8030020793B
:10AA70006BF385002071B7F5006F02DABCF5006F4B
:10AA800002DB22480078D8E7A08867F38E10A08008
:10AA9000B4F805006CF3CF10A4F80500B4F807E093
:10AAA0000D9860F3090EA4F807E0B5F5006F0BDA16
:10AAB000B5F5006F08DAB8F5806F05DAB9F5006F03
:10AAC00002DABAF5006F02DB10480078B5E720899A
:10AAD00065F38C002081B4F809E00F9860F34F1EF5
:10AAE000A4F809E0B4F80B0068F30900A4F80B001F
:10AAF000A08969F38C00A081B4F80D006AF34F10AF
:10AB0000A4F80D000248007897E70000E210010861
:10AB1000E31001082DE9FF4F8AB006460F461C4698
:10AB200019AD95E8200EDDF860800F4890F82A00F6
:10AB30000F38A84204D20D4800780EB0BDE8F08F5F
:10AB40000020CDE906B00890CDE9049ACDE9028550
:10AB5000099017980723CDE90040394630460C9AF2
:10AB6000FFF75AFFE9E70000D4110108E2100108DD
:10AB70002DE9F04105460E461746DFF84C80134894
:10AB80000088A84205D13946304600F023F8BDE8D8
:10AB9000F081002414E00E4830F83400A8420ED1B1
:10ABA0000B4800EBC400406808B90020EFE70848F4
:10ABB00000EBC4003146426840469047E7E7641C1A
:10ABC000142CE8DB0020E2E7008C0020C011010813
:10ABD0002011010830B502460C460A4B1146088880
:10ABE000B0F5007F03DB0888B0F5407F01DB002073
:10ABF00030BD888893F82250A84201D00020F7E7A2
:10AC00000120F5E7008C00202DE9F0410546E86BB6
:10AC10000068006820F00100E96B09680860E96BD2
:10AC2000086802F0EBFCC0F5967086B200241BE0C9
:10AC30001648005DA52815D11449601C095C134A0B
:10AC4000A01C105C41EA002707F109001FFA80F8F8
:10AC5000321B91B20D4A1019FFF772FD04EB080088
:10AC600084B200BF601C84B2B442E1DB4FF4967042
:10AC7000E96B09684860E86B0068006840F0010013
:10AC8000E96B09680860BDE8F0810000D48A002003
:10AC900070B5054C2678656848212046F5F73AFBE3
:10ACA0002670656070BD0000008C0020F0B59FB07C
:10ACB00006460D46294F0DB1052D01DB1FB0F0BD35
:10ACC0000F24012D04DB2246314601A8F5F709FBCC
:10ACD000022D06DB01A90819224606F10F01F5F73E
:10ACE00000FB032D18DB01A901EB4400224606F10D
:10ACF0001E01F5F7F6FA04EB440101AA8818224672
:10AD000006F12D01F5F7EDFA01A901EB84002246C9
:10AD100006F13C01F5F7E5FA042D12DB04EB8401A2
:10AD200001AA8818224606F14B01F5F7DAFA04EB7E
:10AD3000440101AA02EB4100224606F15A01F5F74F
:10AD4000D0FA074A02EBC50293783989044A32F8EF
:10AD5000350001AA00F028F800BFAFE7008C002002
:10AD6000D411010870B58CB004460D460C4E0F226C
:10AD700021466846F5F7B5FA0A4890F82A00A0F18E
:10AD80000F0229460DF10F00F5F7ABFA054A92F8CC
:10AD90002A303189108D6A4600F006F80CB070BD7B
:10ADA000008C0020D41101082DE9FF5F8046894600
:10ADB00092461E46DFF8A4B0294CA5202070651CE1
:10ADC0002848807830442880E01C03902648017889
:10ADD0000398017024490978481CC11700EB1161E0
:10ADE0000912A0EB0121204A1170201D02901F487A
:10ADF000027804212046F7F7E7FA0299087001204B
:10AE000060710320A071E71DA7F80080A7F80490E7
:10AE10009BF82200788013498A78611D50183246C9
:10AE20005146F5F75EFA2988E01D0844019028880C
:10AE3000C11D0F4802882046F7F7ACFA0199088037
:10AE40002888093080B20090642321460948009A7E
:10AE5000006802F047FCBDE8FF9F0000008C002066
:10AE6000A8890020C01101082D030020F50400204E
:10AE7000F8040020280300200349022800DD704761
:10AE8000887000BFFBE70000BC8D0020024903284A
:10AE900000DC087170470000BC8D002010B5022056
:10AEA000FFF7EAFF0020FFF7F1FF00F009F8FFF7D6
:10AEB00087FC1E20FAF760F800F03CF810BD000097
:10AEC0007FB51A4EB078F070B07800EB40001849AA
:10AED00001EBC005002425E004EB440005EB8000F5
:10AEE000408904EB440105EB8101098904EB44022C
:10AEF00005EB8202D28804EB440305EB83039B88B5
:10AF0000CDE90032CDE9021004EB440105EB8101EB
:10AF10008B7804EB440135F8210008220121F8F771
:10AF20002FFC641C022CD7DB7FBD0000BC8D0020F1
:10AF30000812010810B586B00D4C207960710D48DB
:10AF400003680D4800890C49C9880B4A1279CDE97C
:10AF50000303CDE901210848408800900648018894
:10AF600003231A460120F8F767FC06B010BD000065
:10AF7000BC8D00203C0300205A12010804E000F0C0
:10AF800004F8C82003F080FAF9E710B500F008F8DB
:10AF9000FFF7D6FC00F044F8FFF712FC10BD0000EC
:10AFA0007FB51D4EF078B178884200D17FBDB07872
:10AFB000F070B07800EB4000184901EBC0050024A8
:10AFC00025E004EB440005EB8000408904EB4401DC
:10AFD00005EB8101098904EB440205EB8202D2886A
:10AFE00004EB440305EB83039B88CDE90032CDE9F4
:10AFF000021004EB440105EB81018B7804EB440162
:10B0000035F8210008220121F8F7BAFB641C022C54
:10B01000D7DB00BFCAE70000BC8D00200812010882
:10B0200010B586B0134C1448006801281CD1FFF7F6
:10B03000C7FB2079B0B9114803681148008910494D
:10B04000C9880F4A1279CDE90303CDE901210C48E3
:10B05000408800900A480188072302220120F8F75F
:10B06000EBFB00E000BF02E00220F8F7CFFB06B0E8
:10B0700010BD0000BC8D0020AC0100203803002072
:10B08000501201080146A1F5806000B2704700002F
:10B0900070B501F08DF9064600F08CF9044600F019
:10B0A0008DF905460D48056001202070A87A012819
:10B0B00004D0022808D003280BD102E000F03AFCAB
:10B0C00008E000F0B3FD05E000F0CEF900F0B8FBB9
:10B0D00000E000BF00BF0020207070BD5C010020B8
:10B0E0002DE9F04F85B00122022304240825102603
:10B0F00020274FF0400C4FF080084FF480794FF438
:10B10000007A4FF4806B4FF4006ECDF810E04FF4EE
:10B11000805ECDF80CE04FF4005ECDF808E04FF40F
:10B12000804ECDF804E04FF4004ECDF800E001F081
:10B13000010EBEF1000F01DD964601E04FF0000E5A
:10B1400080F800E001F0020EBEF1000F02DD4FF0CA
:10B15000010E01E04FF0000E80F802E001F0040E55
:10B16000BEF1000F02DD4FF0010E01E04FF0000EC6
:10B1700080F801E001F0080EBEF1000F02DD4FF093
:10B18000010E01E04FF0000E80F803E001F0100E18
:10B19000BEF1000F02DD4FF0010E01E04FF0000E96
:10B1A00080F804E001F0200EBEF1000F02DD4FF048
:10B1B000010E01E04FF0000E80F805E001F0400EB6
:10B1C000BEF1000F02DD4FF0010E01E04FF0000E66
:10B1D00080F806E001F0800EBEF1000F02DD4FF0B6
:10B1E000010E01E04FF0000E80F807E001F4807ED0
:10B1F000BEF1000F02DD4FF0010E01E04FF0000E36
:10B2000080F808E001F4007EBEF1000F02DD4FF08F
:10B21000010E01E04FF0000E80F809E001F4806EAD
:10B22000BEF1000F02DD4FF0010E01E04FF0000E05
:10B2300080F80AE001F4006EBEF1000F02DD4FF06D
:10B24000010E01E04FF0000E80F80BE001F4805E8B
:10B25000BEF1000F02DD4FF0010E01E04FF0000ED5
:10B2600080F80CE001F4005EBEF1000F02DD4FF04B
:10B27000010E01E04FF0000E80F80DE001F4804E69
:10B28000BEF1000F02DD4FF0010E01E04FF0000EA5
:10B2900080F80EE001F4004EBEF1000F02DD4FF029
:10B2A000010E01E04FF0000E80F80FE005B0BDE8A0
:10B2B000F08F70B504460E4600F080F80546122E59
:10B2C00000D070BD042085F82500F9F781FFA86241
:10B2D0002178627841EA0221C1F30A00FFF7D2FE29
:10B2E00028806178C910A27841EA4211C1F30A00AE
:10B2F000FFF7C8FE6880A1788911E27841EA8201EF
:10B30000227941EA8221C1F30A00FFF7BBFEA8803F
:10B3100021794910627941EAC211C1F30A00FFF7AD
:10B32000B1FEE8806179880900F092FDA872617928
:10B33000C1F3011000F08CFDE872A079E17940EAD8
:10B34000012000B2A881207A617A40EA012001B28E
:10B35000E981A07AE17A40EA012001B22982217BC9
:10B36000A974617BE974A07BE27B40EA022105F1CC
:10B370001400FFF7B5FE217C627C41EA0221C1F393
:10B380000A00FFF77FFE2881B5F9080010F5806FED
:10B3900001D10020288100F02DF828B1032085F884
:10B3A000250000F02BFD8CE7012085F8250000BF6B
:10B3B00087E70000004870474401002000487047BC
:10B3C000808C002010B500F019FDF9F701FF064947
:10B3D00088620648006802F018F9362204490348DA
:10B3E000006802F02BF910BD808C00203003002093
:10B3F000488C002030B5FFF7E1FF0246002301240E
:10B4000000210CE032F91100002801DB054600E0C4
:10B410004542B5F52F7F01DD012030BD491C0529CE
:10B42000F0DB002106E002F10A00405C08B90120CF
:10B43000F3E7491C0229F6DB0020EEE770B5FFF7C1
:10B44000BDFF0446F9F7C4FE0546A06A281AB0F508
:10B450007A7F02D9022084F8250094F8250001287B
:10B4600000D170BD0020FCE72DE9F0472DED0C8BDD
:10B47000FFF7A4FF0446FFF79DFF804600F098FF0A
:10B480008146F8F7D9FB8246FEF7DEF80546CE483E
:10B49000D0ED042AB0EE622AD0ED032AF0EE621A53
:10B4A000D0ED022AB0EE621AD0ED012AF0EE620A67
:10B4B000D0ED002AB0EE620AC448FDF7C1FD9FED51
:10B4C000C40AB0EE408A9FEDC20AF0EE408A207DA9
:10B4D000012804D19FEDBF0AB0EE408A06E0A07DAE
:10B4E000012803D19FEDBC0AB0EE408AE07D01281F
:10B4F00004D19FEDB80AF0EE408A06E0607D012895
:10B5000003D19FEDB50AF0EE408AB44890ED000AF1
:10B51000B4EEC80AF1EE10FA11D290ED000ADFED98
:10B52000B00A30EE200A80ED000A90ED000AB4EE79
:10B53000C80AF1EE10FA1BDD80ED008A18E0A7487A
:10B5400090ED000AB4EEC80AF1EE10FA10DD90EDAD
:10B55000000ADFEDA30A30EE600A80ED000A90EDEC
:10B56000000AB4EEC80AF1EE10FA01D280ED008AAA
:10B570009C4890ED000AB4EEE80AF1EE10FA11D200
:10B5800090ED000ADFED960A30EE200A80ED000A09
:10B5900090ED000AB4EEE80AF1EE10FA1BDDC0ED02
:10B5A000008A18E08F4890ED000AB4EEE80AF1EE48
:10B5B00010FA10DD90ED000ADFED890A30EE600A26
:10B5C00080ED000A90ED000AB4EEE80AF1EE10FA00
:10B5D00001D2C0ED008A207E012818D18248D0ED2A
:10B5E000090AB0EE600A8148D0ED000AF7F786FE3E
:10B5F0000320F7F71FFC7E4890ED001A7948D0ED44
:10B60000000A764890ED000AF7F71CFC16E0207E51
:10B61000A0B90220F7F70EFC734890ED090A7348B1
:10B62000D0ED000A30EE600AB0EE401A6D48D0ED61
:10B63000000A6A4890ED000AF7F704FCA07E4FF478
:10B6400096736C4A6C49FBF75DFE48B16B48007815
:10B65000401C032190FBF1F201FB120067490870C6
:10B66000E07E4FF49673664A6649FBF74BFE48B19D
:10B6700062480078801C032190FBF1F201FB12006C
:10B680005E490870E07C012817D15F48B0F90410CA
:10B690004E48FDF7E1FBB0EE409A5B48B0F906007A
:10B6A00000EE100AB8EEC00ADFED580A20EE200ABC
:10B6B000DFED570A60EE209A05E0E07C18B99FEDB7
:10B6C000449ADFED439AF8F7B7FA0646F8F7DAFB43
:10B6D00007460120F071F87395ED040AB4F90C00E7
:10B6E00000EE900AF8EEE00A4A4890ED001AB1EE3A
:10B6F000411AF0EE40BA40EE81BA9FED47AAB7EE8C
:10B70000000A30EE4A0AD5ED040A20EE200AB0EE17
:10B7100040CA0AEE2BCA3CEE090A85ED040A3F48EE
:10B7200080ED009AD5ED040AB0EE600AF8F726FC29
:10B73000B4F90E0000EE100AB8EEC00A3848D0ED99
:10B74000000A60EE20AA9FED34BA2BEE2A0AF7EE2B
:10B75000000A70EECB0A00EEAA0A70EE29CA314840
:10B76000C0ED009A9FED300A2CEE800ADFED2F0A23
:10B7700080EE20DAB0EE4D0AF8F7F6FA607F012885
:10B7800001D100F0B0FCA07F012802D1002000F020
:10B79000AAFC2321085D4FF49673254A2549FBF73F
:10B7A000B1FD08B1FFF77AFB2221085D4FF4167353
:10B7B000214A2249FBF7A6FD08B1F8F70BF8BDECCA
:10B7C0000C8BBDE8F087000030140108B474002031
:10B7D0000000000000005C4300005CC3B4010020D6
:10B7E0006666663FB8010020F8860020E81201086E
:10B7F000EC12010878010020850100209001002052
:10B800008001002087010020FE7800200AD7233C19
:10B810006F12033B1C040020CDCCCC3D94010020D2
:10B82000AC120108A8010020DB0F4940000034439E
:10B8300074010020840100207C010020860100208A
:10B8400070B5FFF7BBFD044600F0B2FD0546A07CD5
:10B85000012826D121480068401C2049086008467C
:10B860000068032834DB0320086001201C490860BD
:10B870001C48007820B1012806D002280CD107E02E
:10B88000032000F011FC0BE0022000F00DFC07E0AB
:10B89000072000F009FC03E0022000F005FC00BFD7
:10B8A00016E00E480068002809DD0C4800680328EF
:10B8B00005DA01F00DF8012000F0F6FB05E00620A6
:10B8C00000F0F2FB002006490860002003490860F0
:10B8D000024800680449086070BD0000BC010020F7
:10B8E000AC01002090010020B001002070B504469A
:10B8F000E06B0068006820F00100E16B09680860F7
:10B90000E16B086801F07AFEC0F136052946084867
:10B91000FFF7CFFC3620E16B09684860E06B0068F8
:10B92000006840F00100E16B0968086070BD00002C
:10B93000488C00202DE9F0412DED048BFDF784FEAD
:10B940000546FFF73BFD0446F8F776F90646F8F79B
:10B9500099FA07460020F071F873E07A012804D0C4
:10B9600002287AD0032879D179E00120F071F873A8
:10B970000220F7F75FFAA14890ED000AA04880ED99
:10B98000000AA04890ED090A9F48D0ED000A30EE69
:10B99000600A9A4880ED000AB4F9000001EE100A2E
:10B9A000B8EEC11AF0EE410AB4F9020001EE100A35
:10B9B000B8EEC11AB0EE410A904890ED001AF7F7C0
:10B9C00041FAB4F9040000EE900AF8EEE00A8F485C
:10B9D00090ED001AB1EE411A60EE810AB0EE600AF5
:10B9E000F8F702FBD5ED040A30EE200A85ED040AD3
:10B9F000D5ED040AB0EE600AF8F7C0FAB4F9060013
:10BA000000EE100AB8EEC00A8148D0ED000A20EE20
:10BA1000200A8048B0F9060000EE900AF8EEE00A2D
:10BA20009FED7D1A60EE810A9FED7C1A00EE810A7F
:10BA3000B0EE408A9FED7A0A28EE000ADFED790A1F
:10BA400080EE201AF0EE418AB0EE680AF8F79EFA0E
:10BA5000B0EE409AF8F788F9CBE06DE0C8E001203D
:10BA6000F071F873F7F7E6F9644890ED000A64485E
:10BA700080ED000A634890ED090A6348D0ED000AA2
:10BA800030EE600A5D4880ED000AB4F9040001EE72
:10BA9000900AF8EEE11AB0EE611AB4F9000001EE76
:10BAA000900AF8EEE11AF0EE610AB4F9020001EE34
:10BAB000900AF8EEE11AB0EE610AF7F7C3F9B4F9AB
:10BAC000040000EE900AF8EEE00A504890ED001AEB
:10BAD000B1EE411A60EE810AB0EE600AF8F784FA1E
:10BAE000D5ED040A30EE200A85ED040AD5ED040AEE
:10BAF000B0EE600AF8F742FAB4F9060000EE100A58
:10BB0000B8EEC00A4248D0ED000A20EE200AB0EE9E
:10BB1000408A9FED430A28EE000ADFED420A80EEDC
:10BB2000201AF0EE418AB0EE680AF8F72FFAB0EE6C
:10BB3000409AF8F719F95CE00120F071F873314888
:10BB4000D0ED090AB0EE600A2F48D0ED000AF7F7F1
:10BB5000D5FB0320F7F76EF9B4F9000001EE100AE7
:10BB6000B8EEC11AF0EE410AB4F9020001EE100A73
:10BB7000B8EEC11AB0EE410A2B4890ED001AF7F763
:10BB800061F995ED040AB4F9040000EE900AF8EEAC
:10BB9000E00A1E4890ED001AB1EE411A00EE810A4B
:10BBA00085ED040AD5ED040AB0EE600AF8F7E6F96F
:10BBB000B4F9060000EE100AB8EEC00A1448D0ED41
:10BBC000000A20EE200AB0EE408A9FED150A28EE0A
:10BBD000000ADFED140A80EE201AF0EE418AB0EE82
:10BBE000680AF8F7D3F9B0EE409AF8F7BDF800E02C
:10BBF00000BF00BFBDEC048BBDE8F0815801002000
:10BC000054010020F8860020E8120108BC12010847
:10BC1000CC120108FE7800200AD7233C6F12033BA8
:10BC2000DB0F494000003443EC1201082DE9F047D6
:10BC30002DED048BFFF7C2FB044600F0B9FB8146F3
:10BC40005948D0ED042AB0EE622AD0ED032AF0EE76
:10BC5000621AD0ED022AB0EE621AD0ED012AF0EE9F
:10BC6000620AD0ED002AB0EE620A5048FDF7E8F90A
:10BC7000E07A012804D0022810D0032815D106E06C
:10BC8000002000F030FA062000F00EFA0EE001204D
:10BC900000F029FA062000F007FA07E0012000F082
:10BCA00022FA022000F000FA00BF00BF00BFF7F741
:10BCB000C3FF0646F8F7E6F80746FBF727F9804684
:10BCC0000120F071F873FDF7BFFC05463848B0F964
:10BCD00004103648FDF7C0F8B0EE408AB4F904000D
:10BCE00000EE100AB8EEC00A3248D0ED000AF1EEBC
:10BCF000600AF0EE488A40EE208A95ED040A30EEA4
:10BD0000280A85ED040A2C48C0ED008A2B4880EDF6
:10BD1000008AD5ED040AB0EE600AF8F72FF9B4F9FD
:10BD2000060000EE100AB8EEC00A2548D0ED000A61
:10BD300020EE200A1E48B0F9060000EE900AF8EE48
:10BD4000E00A9FED201A60EE810A1F4890ED001A6C
:10BD5000B0EE409A00EE819A9FED1C0A29EE000A8F
:10BD6000DFED1B0AC0EE209AB0EE690AF7F7FCFF80
:10BD70000120F7F75FF8B4F9000001EE100AB8EE01
:10BD8000C11AF0EE410AB4F9020001EE100AB8EE51
:10BD9000C11AB0EE410A9FED0F1AF7F753F8BDEC48
:10BDA000048BBDE8F087000030140108B474002053
:10BDB000FE780020BC120108600100206401002010
:10BDC000CC1201080AD7233C60040020DB0F494055
:10BDD000000034430000000010B5FFF7EBFA044602
:10BDE0000448D0ED000A90ED000A0348FCF71DFC62
:10BDF00010BD0000B41201084C01002010B5FFF77F
:10BE0000DDFA0446002003E0002124F81010401C55
:10BE10000528F9DB002106E0002000F019F804F104
:10BE20000A025054491C0229F6DB0020A08100219F
:10BE3000E1812182A174E17404F11400FFF750F94B
:10BE400010BD04E0FFF724F9012002F01DFBF9E723
:10BE5000704700007CB504460E4615463346012265
:10BE600002212046009500F039F828B1606D40F0BD
:10BE70002000606503207CBD164800681821B0FBD7
:10BE8000F1F01549B0FBF1F04FF47A71484301909D
:10BE90006068B0F5827F0DD13346002280212046B4
:10BEA000009500F01BF898B1606D40F020006065CF
:10BEB0000320E0E700BF019800B908E00198401EA8
:10BEC000019020688068C0F3C0100028F3D100BF43
:10BED0000020D0E73C00002040420F002DE9F84F41
:10BEE00004460D4690461E46DDF82890F9F770F995
:10BEF000A0EB0900371AF9F76BF982462C48006865
:10BF0000C0F3CB307843009046E0701C002843D04B
:10BF1000F9F75EF9A0EB0A00B84200D2A7BB20688F
:10BF2000406820F0E000216848606068B0F5827FDA
:10BF30000DD1A068B0F5004F03D0A068B0F5806FB8
:10BF400005D12068006820F0400021680860A06AE0
:10BF5000B0F5005F0DD100BF2068006820F40050EC
:10BF6000216808602068006840F40050216808607B
:10BF700000BF012084F8510000BF002084F8500069
:10BF800000BF0320BDE8F88FFFE7009808B900273D
:10BF900002E00098401E0090206880682840A84277
:10BFA00001D1012000E000204045AED10020E9E7AA
:10BFB0003C0000201FB504461E480078401C1D4967
:10BFC000087032E020788DF8000060788DF801006C
:10BFD000A0788DF80200E0788DF8030020798DF8C4
:10BFE000040060798DF80500A0798DF80600E079ED
:10BFF0008DF80700207A8DF80800607A8DF8090026
:10C00000A07A8DF80A00E07A8DF80B00207B8DF87D
:10C010000C00A07B8DF80D00FF230F226946064817
:10C02000FAF705FF002003490870024800780A2843
:10C03000C8D01FBD80020020D00E002053200B4925
:10C04000087002204870012088700320C870052005
:10C0500088800620C88000200881488164200873F9
:10C06000002048734520887370470000EE78002058
:10C0700006E000F03FF800F0D3FB022002F004FAE3
:10C08000F7E710B52DED028B00F092F9044604F5A8
:10C09000E470FCF7D7FEB0EE408A04F5E470FDF7DB
:10C0A0003FF8BDEC028B10BD70B5054600F080F97D
:10C0B0000446A078042800D170BDA078E070A57077
:10C0C000A078E17888420CD0E078032805D0E078A9
:10C0D000022802D0E078052803D10620A070FFF7DF
:10C0E000D0FF00BFE8E700B5014600F061F9024665
:10C0F000517000BD10B500F0F2FB00F013FB00F032
:10C1000001F810BD70B52DED028B00F051F9044619
:10C110000025A078082830D2DFE800F0040A171EB6
:10C1200025292D1001259FED3F0A00F0E9FA25E0B1
:10C1300002259FED3D0A00F081FB1FE001253B48F1
:10C1400090ED000A00F0DCFA18E00125384890ED87
:10C15000000A00F0D5FA11E00125364890ED000AFA
:10C1600000F0CEFA0AE0012500F0A6FA06E000F0A1
:10C1700023F9054602E0022500E000BF00BF012DC3
:10C1800023D104F5E470FCF725FED4ED040AB0EEEB
:10C19000600A04F5A270FCF7C3FF2748D0ED020A3D
:10C1A000B0EE600A04F5A270FCF7B7FF04F5CC719D
:10C1B00004F5A270FCF760FC04F5A270FCF745FEE4
:10C1C000B0EE408A1C48FCF744FC022D27D104F550
:10C1D000077104F5E470FCF74FFC04F5E470FCF71C
:10C1E00034FEB0EE408A04F5A270FCF799FF1248C5
:10C1F000D0ED020AB0EE600A04F5A270FCF78DFFE4
:10C2000004F5CC7104F5A270FCF736FC04F5A270BD
:10C21000FCF71BFEB0EE408A0748FCF71AFCBDECA9
:10C22000028B70BD0000000000003442881201083B
:10C230008412010880120108F088002010B52DED4D
:10C24000068B00F0B5F80446A07804285AD02F4891
:10C250000068F4F7A3F941EC180B2D4890ED030AA0
:10C2600010EE101A0846F4F799F941EC1A0BB0EEEB
:10C270004A0AF0EE6A0A01F0FDFCB0EE409AF0EED8
:10C28000609A53EC182B51EC190BF4F7B3F936D82C
:10C2900020480068F4F782F941EC180B1C4890ED37
:10C2A000020A10EE101A0846F4F778F941EC1A0B5E
:10C2B000B0EE4A0AF0EE6A0A01F0DCFCB0EE409AF9
:10C2C000F0EE609A53EC182B51EC190BF4F77AF955
:10C2D00015D811480068401C0F490860084690EDC9
:10C2E000000AB8EEC00A0D48D0ED000AB4EEE00A2C
:10C2F000F1EE10FA06DD042000F012F802E0002052
:10C3000005490860BDEC068B10BD00006C120108E9
:10C31000F088002070120108A002002074120108A9
:10C3200000B5014600F044F80246917000BD70B5BA
:10C330002DED028BFEF7DCFA054600F039F80446D5
:10C34000E88C162802D194ED098A02E094ED098A5E
:10C3500000BF00BFB0EE480ABDEC028B70BD70B5E7
:10C360002DED028B00F024F80446FEF7C1FA0546D5
:10C37000E88C0F2806D0122807D0162808D01E28CF
:10C380000CD108E094ED058A0BE094ED068A08E0F4
:10C3900094ED078A05E094ED088A02E0B2EE0E8A79
:10C3A00000BF00BFB0EE480ABDEC028B70BD0000BC
:10C3B00000487047587B002010B5FFF7F9FF04468E
:10C3C00094ED0B0AD4ED0A0A30EE600A3748D0ED3E
:10C3D000000AB4EEE00AF1EE10FA10DB344890EDFA
:10C3E000000A84ED0D0A012138200155D4ED0D0A13
:10C3F000B0EE600A00F084F90021618752E094ED0C
:10C400000B0AD4ED0A0A30EE600A2A48D0ED000A81
:10C41000B4EEE00AF1EE10FA10DB274890ED000AC6
:10C4200084ED0D0A012138200155D4ED0D0AB0EE3E
:10C43000600A00F065F90021618733E094ED0B0A92
:10C44000D4ED0A0A30EE600A1C48D0ED000AB4EEC2
:10C45000E00AF1EE10FA10D8194890ED000A84EDC8
:10C460000D0A012138200155D4ED0D0AB0EE600A05
:10C4700000F046F90021618714E094ED0B0AD4ED39
:10C480000A0A30EE600A0F48D0ED000AB4EEE00A66
:10C49000F1EE10FA06D800216187FFF7F2FD0221C4
:10C4A000382001553820005D10BD000090120108B1
:10C4B00084120108941201088012010898120108E0
:10C4C0008C120108A012010810B5FFF771FF044695
:10C4D000012020700020A0709FED710A84ED0A0AEF
:10C4E0009FED6F0A84ED0B0A60709FED6D0A84ED7D
:10C4F000040A9FED6B0A84ED020A9FED690A84ED40
:10C50000030A684890ED000A84ED090A6648D0EDF8
:10C51000105AB0EE655AD0ED0F5AF0EE654AD0EDE4
:10C520000B5AB0EE654AD0ED0A5AF0EE653AD0EDFE
:10C53000065AB0EE653AD0ED055AF0EE652AD0ED18
:10C54000045AB0EE652AD0ED035AF0EE651AD0ED2C
:10C55000025AB0EE651AD0ED015AF0EE650AD0ED40
:10C56000005AB0EE650A002104F19000FCF790FD3E
:10C570004E48D0ED105AB0EE655AD0ED0F5AF0EE9D
:10C58000654AD0ED0B5AB0EE654AD0ED0A5AF0EE8E
:10C59000653AD0ED065AB0EE653AD0ED055AF0EEA8
:10C5A000652AD0ED045AB0EE652AD0ED035AF0EEBC
:10C5B000651AD0ED025AB0EE651AD0ED015AF0EED0
:10C5C000650AD0ED005AB0EE650A002104F58A70C4
:10C5D000FCF75EFD3648D0ED105AB0EE655AD0ED4E
:10C5E0000F5AF0EE654AD0ED0B5AB0EE654AD0ED29
:10C5F0000A5AF0EE653AD0ED065AB0EE653AD0ED43
:10C60000055AF0EE652AD0ED045AB0EE652AD0ED59
:10C61000035AF0EE651AD0ED025AB0EE651AD0ED6D
:10C62000015AF0EE650AD0ED005AB0EE650A00211D
:10C6300004F50770FCF72CFD1E48D0ED105AB0EE43
:10C64000655AD0ED0F5AF0EE654AD0ED0B5AB0EEB8
:10C65000654AD0ED0A5AF0EE653AD0ED065AB0EED2
:10C66000653AD0ED055AF0EE652AD0ED045AB0EEE9
:10C67000652AD0ED035AF0EE651AD0ED025AB0EEFD
:10C68000651AD0ED015AF0EE650AD0ED005AB0EE11
:10C69000650A002104F5CC70FCF7FAFC10BD00001F
:10C6A00000000000681201084414010894140108F5
:10C6B000E41401083415010800B50E4890ED000A95
:10C6C00000F01EF80C480068401C0B490860084642
:10C6D00090ED000AB8EEC00A0848D0ED000AB4EEAA
:10C6E000E00AF1EE10FA03DB00200860FFF718FE05
:10C6F00000BD00007C120108A4020020781201088D
:10C7000000B5FFF755FE014681ED040A00BD00B5F6
:10C71000FFF74EFE014681ED020AF1EE400AC1ED3F
:10C72000030A00BD10B52DED028BFFF741FE044654
:10C73000607830B1012809D002280FD003281FD11A
:10C7400011E09FED320AFFF7E2FF1AE0304890ED6A
:10C75000000AB1EE400AFFF7DAFF12E09FED2D0A62
:10C76000FFF7D5FF0DE0FFF7E2FDF0EE408AFFF79F
:10C77000F6FD38EE800AB0EE408AFFF7C8FF00E011
:10C7800000BF00BFD4ED020AB0EE600A04F13C0025
:10C79000FCF7C6FCD4ED030AB0EE600A04F1C00059
:10C7A000FCF7BEFC1C48D0ED020AB0EE600A04F1B2
:10C7B0003C00FCF7B2FC1948D0ED020AB0EE600A6A
:10C7C00004F1C000FCF7A9FC04F1900104F13C0065
:10C7D000FCF752F904F58A7104F1C000FCF74CF93A
:10C7E00004F13C00FCF731FBB0EE408A0A48FCF74C
:10C7F00030F904F1C000FCF728FBB0EE408A07488E
:10C80000FCF727F9BDEC028B10BD00000000000012
:10C8100068120108000048C2488800209C88002057
:10C8200010B5FFF7C5FD04462078012802D1024863
:10C83000FCF7CDF810BD0000EC84002070B52DEDA4
:10C84000068BB0EE408AFFF7B3FD044604F5E470B2
:10C85000FCF7F8FAF0EE408A04F5E470FCF7F8FA19
:10C8600038EEC00A10EE105A2846F3F797FE41EC56
:10C870001A0BB0EE4A0AF0EE6A0A01F0FBF9B0EECC
:10C88000409AF0EE609A9FED0F0B53EC102B51EC99
:10C89000190BF3F7AFFE207980B9B0EE480A04F522
:10C8A000E470FCF7E2F80948D0ED0A0AB0EE600A3D
:10C8B00004F5E470FCF731FC01202071BDEC068B1F
:10C8C00070BD0000000000000000F03FF088002074
:10C8D00000B5FFF76DFD01460020087100BD70B581
:10C8E000FFF766FD0446FEF703F80546E88D00EE07
:10C8F000100AB8EE400A84ED0A0AE88C00EE100A2D
:10C90000B8EE400A84ED0B0AFFF798FC70BD704743
:10C9100010B5FA210248006801F01CFE10BD0000AD
:10C920002400002000E07047FDE770B506460C4685
:10C93000154607E05521304600F007F82070641CCA
:10C94000681EC5B2002DF5D170BD33B583B0054664
:10C950006420012302AA04A900902846F9F712FADC
:10C96000044614B12046FFF7DDFF9DF8080005B02E
:10C9700030BD000070B52DED048B044614B9BDEC3C
:10C98000048B70BD94ED030ADFED1D0AB4EE600A5E
:10C99000F1EE10FA00D1F2E7F8F71AFC0546194853
:10C9A0000068281A642800D2E9E794ED030ADFED55
:10C9B000140A30EE600A10EE101A0846F3F7EEFD86
:10C9C00041EC190BB0EE490AF0EE690A01F052F998
:10C9D000B0EE408AF0EE608A9FED0B0B53EC102B0B
:10C9E00051EC180BF3F706FE07D29FED050A084934
:10C9F000084800F01FF80348056000BFBFE70000CB
:10CA000000008C42A8020020000000A09999B93FC4
:10CA10004C840020480C002010B5044604B910BD19
:10CA2000082300224FF404712046F5F755FD00BF9E
:10CA3000F5E7000070B52DED028B82B005460E467D
:10CA4000B0EE408A9FED180AB4EEC08AF1EE10FAFB
:10CA500003D29FED150AB0EE408A9FED140AB4EEA2
:10CA6000C08AF1EE10FA03DD9FED100AB0EE408AA5
:10CA70009FED0E0A28EE000ABCEEC00A10EE100A66
:10CA800084B200200090019020128DF80000E0B2E6
:10CA90008DF801006A4631462846F5F74FFD02B091
:10CAA000BDEC028B70BD0000000034420000C842A3
:10CAB00010B500BF502080F31188BFF34F8FBFF334
:10CAC0006F8F00BF03F0A4FF18B14FF080500449EE
:10CAD000086000BF002080F3118800BF10BD000077
:10CAE00004ED00E000B593B0302107A8F3F712FC85
:10CAF000142102A8F3F70EFC00BF00200190244887
:10CB0000006840F08050224908600846006800F044
:10CB10008050019000BF00BF00BF002001901D4861
:10CB2000006840F480401B4908600846006800F433
:10CB30008040019000BF00BF0120079000040890D2
:10CB400002200D9041050E9106210F91A821109110
:10CB5000022111910721129107A8F8F7B5FD08B13C
:10CB6000F6F75EFF0F200290022003900020049051
:10CB70004FF4A05005904FF480500690052102A874
:10CB8000F8F740FC08B1F6F74BFF13B000BD00000A
:10CB900040380240007000400348006840F47000D4
:10CBA000014908607047000088ED00E010B50248B8
:10CBB000F9F703FC10BD0000F80D002010B5024885
:10CBC000F9F7FBFB10BD00008811002010B50268CA
:10CBD0002B4B98420ED0B0F1804F0BD0294B98428E
:10CBE00008D0294B984205D0284B984202D0284BB8
:10CBF000984203D122F070024B681A43204B9842AE
:10CC000020D0B0F1804F1DD01E4B98421AD01E4B41
:10CC1000984217D01D4B984214D01D4B984211D00A
:10CC20001C4B98420ED01C4B98420BD01B4B984289
:10CC300008D01B4B984205D01A4B984202D01A4B91
:10CC4000984203D122F44072CB681A4322F0800349
:10CC50004C6943EA04028B68C3620B688362084B29
:10CC6000984202D00A4B984201D10B6903630368D2
:10CC700043F00403036001234361026010BD000020
:10CC8000000001400004004000080040000C00408B
:10CC900000040140004001400044014000480140C0
:10CCA00000180040001C00400020004030B50C4639
:10CCB000816821F47F4142EA0325254329438160AD
:10CCC00030BD0A46816821F0700142F00703194324
:10CCD0008160704730B5026A056A25F0010505627A
:10CCE0004368846924F0700424F003040D682C4325
:10CCF00022F002028D682A43104DA84200D103E0C1
:10CD00000F4DA84206D100BF22F00802CD682A4389
:10CD100022F00402094DA84202D0094DA84207D1D1
:10CD200023F4807323F400734D692B438D692B43E7
:10CD3000436084614D684563026230BD000001407C
:10CD40000004014030B5026A056A25F0100505624D
:10CD50004368846924F4E04424F440740D6844EA90
:10CD6000052422F020028D6842EA0512124DA842E5
:10CD700000D103E0114DA84207D100BF22F080028C
:10CD8000CD6842EA051222F040020B4DA84202D0C3
:10CD90000A4DA84209D123F4806323F400634D694E
:10CDA00043EA85038D6943EA8503436084614D68E6
:10CDB0008563026230BD00000000014000040140B4
:10CDC00030B5026A056A25F4807505624368C46956
:10CDD00024F0700424F003040D682C4322F4007244
:10CDE0008D6842EA0522124DA84200D103E0114DA0
:10CDF000A84207D100BF22F40062CD6842EA0522B2
:10CE000022F480620A4DA84202D00A4DA84209D1FC
:10CE100023F4805323F400534D6943EA05138D69CD
:10CE200043EA05134360C4614D68C563026230BDC7
:10CE3000000001400004014030B5036A056A25F492
:10CE4000805505624468C26922F4E04222F44072CF
:10CE50000D6842EA052223F400538D6843EA053346
:10CE6000084DA84202D0084DA84204D124F48044C1
:10CE70004D6944EA85144460C2614D6805640362EB
:10CE800030BD0000000001400004014030B50B46F9
:10CE90001446026A056A25F001050562816921F0E0
:10CEA000F00141EA041122F00A021A438161026290
:10CEB00030BD30B50B461446026A056A25F01005F0
:10CEC0000562816921F4704141EA043122F0A00237
:10CED00042EA03128161026230BD000070B52DED9F
:10CEE000048B0446FDF704FD054601206070002018
:10CEF000A0703B4890ED1E0ADFED3A0A20EE200AB2
:10CF0000BDEEC00A10EE100A00B2A080344890EDC9
:10CF10001C0ADFED340A20EE200ABDEEC00A10EE36
:10CF2000100A00B2E0802E4890ED070ADFED2D0ACE
:10CF300020EE200ABDEEC00A10EE100A00B22081D9
:10CF4000274890ED090ADFED270A20EE200ABDEE02
:10CF5000C00A10EE100A00B260814020405D00EB74
:10CF60008000FF21B1EB400F06DB4020405D002830
:10CF700002DB4020405D28B99FED1B0A1B4880ED75
:10CF8000000A16E04020405D00EB8000400038B908
:10CF90004020405D00EB8000FF21B1EB400F08DD39
:10CFA0004020405D00EE100AB8EE400A0F4880EDC8
:10CFB000000A0E480068F3F7F1FA41EC190B9FEDF7
:10CFC0000C0B53EC102BF3F75EFA41EC180BF3F754
:10CFD000CCFA207395F82200E070BDEC048B70BD94
:10CFE000107400200000C842000000007C020020F5
:10CFF000000000000000244070B50446A56B00202E
:10D00000E8852846F9F7AAFB70BD00BF00BF02689B
:10D010000C3252E8002F22F4907102680C3242E880
:10D020000013002BF3D100BF00BF00BF0268143211
:10D0300052E8002F22F001010268143242E8001386
:10D04000002BF3D100BF016B01290ED100BF00BF3F
:10D0500002680C3252E8002F22F0100102680C32F4
:10D0600042E80013002BF3D100BF202180F84210CA
:10D0700000210163704710B504462068C06820F0A5
:10D0800040002168C860202084F841002046F9F75C
:10D090002DFF002010BDF8B504460025002694F8A9
:10D0A0004200222873D1A068B0F5805F0BD12069BF
:10D0B00048B9A66A20684068C0F308003080A06ABA
:10D0C000801CA06214E0A56AA068B0F5805F03D060
:10D0D000A06828B9206918B920684068287004E061
:10D0E0002068406800F07F002870A06A401CA062A1
:10D0F000E08D401E80B2E085002846D12068C068DF
:10D1000020F020002168C8602068C06820F480708A
:10D110002168C8602068406920F0010021684861EA
:10D12000202084F8420000206063206B012826D173
:10D130000020206300BF00BF21680C3151E8001FB0
:10D1400021F0100021680C3141E80002002AF3D1DF
:10D1500000BF2068006800F0100010280AD100BF4E
:10D1600000200090206800680090206840680090CF
:10D1700000BF00BFA18D2046F9F7EFFA02E020467C
:10D18000F9F754FE0020F8BD01E00020FBE7022083
:10D19000F9E700002DE9F84F04462068006920F403
:10D1A0004050E1680843216808612169A06808438C
:10D1B00061690843E169084300902068C06849F24A
:10D1C0000C618843009908432168C8602068406961
:10D1D00020F44070A16908432168486176492068BD
:10D1E000884203D075492068884203D1F8F704FAD1
:10D1F000814602E0F8F7F0F98146E069B0F5004FAA
:10D200006CD102206168A0FB015003461920A9FBE4
:10D21000007001462A463846F3F732F86421B0FB25
:10D22000F1F04FEA001A02206168A0FB01510B46A1
:10D230001920A9FB00712A463846F3F721F88346E6
:10D2400002206168A0FB015003461920A9FB007170
:10D250002A463846F3F714F86421B0FBF1F000EBEE
:10D26000C00101EB0010ABEB8000322101EBC000EC
:10D270006421B0FBF1F000F0F8000AEB400A022054
:10D280006168A0FB015003461920A9FB007001460C
:10D290002A463846F2F7F4FF834602206168A0FB75
:10D2A000015003461920A9FB00712A463846F2F7BF
:10D2B000E7FF6421B0FBF1F000EBC00101EB0010CF
:10D2C000ABEB8000322101EBC0006421B0FBF1F038
:10D2D00000F007005044216888606AE0042061681B
:10D2E000A0FB015003461920A9FB007001462A4605
:10D2F0003846F2F7C5FF824604206168A0FB015062
:10D3000003461920A9FB007001462A463846F2F769
:10D31000B7FF6421B0FBF1F000EBC00101EB00109E
:10D32000AAEB8000322101EB00106421B0FBF1F088
:10D3300000F0F00A04206168A0FB01700346192088
:10D34000A9FB00513A462846F2F79AFF6421B0FB48
:10D35000F1F00AEB001A04206168A0FB01510B46B2
:10D360001920A9FB00712A463846F2F789FF834647
:10D3700004206168A0FB015003461920A9FB00703E
:10D3800001462A463846F2F77BFF6421B0FBF1F0F4
:10D3900000EBC00101EB0010ABEB8000322101EB90
:10D3A00000106421B0FBF1F000F00F005044216840
:10D3B0008860BDE8F88F00000010014000140140B3
:10D3C000014691F84100212828D18868B0F5805F96
:10D3D0000BD1086948B90A6A1088C0F308000B68C5
:10D3E0005860086A801C086205E00B6A581C0862D5
:10D3F00018780B685860C88C401E80B2C88458B931
:10D400000868C06820F080000B68D8600868C068B1
:10D4100040F040000B68D860002070470220FCE715
:10D420002DE9F84304460D4617469846089E31E01C
:10D43000701C70B3F7F7CCFEA0EB0800B04200D828
:10D4400016B90320BDE8F8832068C06800F0040026
:10D45000F8B1802D1ED0402D1CD020680068C0F38C
:10D46000C000B0B100BF00200090206800680090AC
:10D4700020684068009000BF00BF2046FFF7C5FD50
:10D480000820606400BF002084F8400000BF012035
:10D49000D8E7FFE7206800682840A84201D10120B2
:10D4A00000E00020B842C3D00020CBE708B54348D5
:10D4B0000068006800F0200060B100BF002000900C
:10D4C0003E480068006800903C4800684068009052
:10D4D00000BF6FE03A48006800F01000002869D0F3
:10D4E00000BF002000903548006800680090334875
:10D4F00000684068009000BF00BF324800680068C4
:10D5000000F4002058BB2F480068006820F001009C
:10D510002C49096808602B4800684068C0F11E006B
:10D52000294908701E202749096848602548006875
:10D53000006840F400202349096808602148006819
:10D54000006840F001001F49096808601E48007823
:10D550000F282FD11D491E48F6F7BBFA2AE01948BB
:10D560000068006820F00100164909680860154845
:10D5700000684068C0F11E00134908701E20114960
:10D58000096848600F480068006820F400200D49D1
:10D59000096808600B480068006840F0010009490C
:10D5A00009680860084800780F2803D1074908482F
:10D5B000F6F78FFA0148F9F7D3F808BDD00E00202E
:10D5C00000100140A80F00202C000020007800204F
:10D5D000FE78002010B5034800F051F80148F9F733
:10D5E000BFF810BD180F002010B5034800F047F831
:10D5F0000148F9F7B5F810BD600F002001464868F2
:10D6000080B2704700E07047FDE708B500BF002119
:10D61000009101680968009101684968009100BFA4
:10D6200000BF0168C96841F010010268D16001685B
:10D63000C96841F020010268D16008BD2DE9F041C0
:10D6400004460D461646002794F84270202F14D148
:10D6500005B10EB9BDE8F081A562A6850020606421
:10D660002268111D33462A46E06BF7F751FC20680B
:10D67000406940F040002168486100BFEAE738B5E2
:10D6800004462068006800F01000102812D12068BD
:10D69000C06800F0100068B100BF00200090206852
:10D6A0000068009020684068009000BF00BF2046DE
:10D6B00000F002F838BD000010B5044607480068C5
:10D6C000844202D12046FEF711F9054800688442E1
:10D6D00002D12046FDF798FA10BD0000300300206B
:10D6E000280300202DE9F04105460E4617469846CE
:10D6F00043463A4631462846F9F799FB044614B1A9
:10D700002046FFF77FFFBDE8F08100BFFEE7000085
:10D7100010B5F4F7BFFA022805D11248008840F08E
:10D72000010010490880FBF723F928B10D48008853
:10D7300040F002000B490880FDF780FE022805D169
:10D740000848008840F0040006490880FBF784FF81
:10D75000022805D10348008840F0080001490880EC
:10D7600010BD000040010020FFF7D2FF322000F082
:10D770008BFE04E0FFF7CCFF322000F085FEF9E7D6
:10D780004100080218BF04200A0E18BF40F0010033
:10D790004FF07F4232EA010108BF40F00200012849
:10D7A00008BF05207047000002480068C0F302204F
:10D7B000704700000CED00E010B5002804DB0A07FC
:10D7C000130E054A135406E00A07140E034A00F02C
:10D7D0000F031B1FD45410BD00E400E018ED00E05F
:10D7E00010B510EE104A4FF01A402DED028B00EBF1
:10D7F0004400B0F1C85F4AD84FF0FC40B0EB440F92
:10D8000022D2B0EEC00AF7EE000A30EEC00AF6EE01
:10D81000000A20EE208A18EE100A02F067F800EEE7
:10D82000100A14F0004F1DBF9FED281ADFED280AE3
:10D83000B1EE400A9FED271A08BFF0EE410AF8EE5C
:10D84000001A20EE210A05E020EE008A9FED221A40
:10D85000DFED220ADFED221A9FED222A70EEC00AC8
:10D8600020EE080A08EE212ADFED1F1A48EE021A00
:10D870009FED1E2A08EE212ADFED1D1A48EE021A3E
:10D88000BDEC028B40EE610A30EE810A10BD4FF014
:10D89000CC40B0EB440F82BF9FED160ABDEC028B6B
:10D8A00010BD4FF07F40B0EB440F05D2BDEC028BB2
:10D8B000BDE8104000F005BA012000F029FABDECE7
:10D8C000028BBDE8104000F003BA000000004940A0
:10D8D00022AA7D3A000000000000C93F22AAFD39BB
:10D8E00024FE1C3DC78AD83C1E67383D1B93993DDA
:10D8F000AFAA2A3EDB0FC93F10B54FF00E402DED09
:10D90000028BB0EE408A18EE104A00EB4400B0F1F2
:10D91000506F4AD84FF0FC40B0EB440F22D2B0EE2B
:10D92000C80AF7EE000A30EEC00AF6EE000A60EE12
:10D93000208A18EE900A01F0D9FF01EE100A14F0C7
:10D94000004F1DBFDFED2D0A9FED2D0AB1EE411AEC
:10D95000DFED2C0A08BF9FED2C0AF8EE001A21EE2D
:10D96000218A05E0DFED290A68EE088AB0EE600A38
:10D970009FED271ADFED271A30EE080A48EE811ACC
:10D980009FED251A08EEA11ADFED241A48EE811A40
:10D990009FED231A08EEA11A68EE281ABDEC028B3F
:10D9A00001EE810A30EE200A10BD4FF0E440B0EBEA
:10D9B000440F0CD918EE100AFFF7E2FE042808BF46
:10D9C00000F08EF9B0EE480ABDEC028B10BD4FF0AE
:10D9D0007F40B0EB440F07D2B0EE480ABDEC028B9B
:10D9E000BDE8104000F06DB9012000F091F9BDECE8
:10D9F000028BBDE8104000F06BB900000000C9BF09
:10DA000022AAFDB90000C93F22AAFD39000000008A
:10DA100024FE1C3DC78AD83C1E67383D1B93993DA8
:10DA2000AFAA2A3E10EE100A10B510EE901A4FF071
:10DA3000684202EB40032DED028BB3F1654F3CBF12
:10DA400002EB4102B2F1654F7CD200BFC0F3C75375
:10DA5000C1F3C7529A1A1B2A09DD10F0004F14BFF8
:10DA60009FED6E0A9FED6E0ABDEC028B10BD12F1A8
:10DA70001A0F1BDA11F0004F09D010F0004F0CBF45
:10DA80009FED680A9FED680ABDEC028B10BD80EE29
:10DA9000208A18EE100AFFF773FE042808BF00F072
:10DAA0001FF9B0EE480ABDEC028B10BD4200B2EB8C
:10DAB000410F37D910F0004F19BFDFED5C1A9FED11
:10DAC0005C1ADFED5C1A9FED5C1AB0EE602A0A4624
:10DAD000F1EE400A80F00041B0EE420A10460A1A08
:10DAE0005200B2F1807F34D2484010F0004FDFED99
:10DAF000532A9FED533A1DBFBEEE002A71EEE21A83
:10DB000031EE431AB6EE002A04BF71EEA21A31EECE
:10DB1000031AF0EE402A42EE602A40EE020A82EE3C
:10DB2000A02A18E011F0004F04BF9FED461AF0EE56
:10DB3000411AD4D010F0004F1CBFDFED431A9FED07
:10DB4000431A00E026E004BFDFED411A9FED411AC1
:10DB5000C5E780EE202A22EE020ADFED3F0ADFED64
:10DB60003F2ABDEC028B40EE202ADFED3D0A40EE5D
:10DB7000220ADFED3C2A40EE202ADFED3B0A40EE90
:10DB8000220A22EE000A00EE201A31EE020A30EEDE
:10DB9000210A10BD4FF07F42B2EB400F28BFB2EB1D
:10DBA000410F05D2BDEC028BBDE8104000F08CB8EF
:10DBB00040EA01035B0008BF41F0FF410BD0B2EB2C
:10DBC000400F08BFB2EB410F08D120F0804000EEBB
:10DBD000100A21F0804100EE901A37E7B2EB400FB7
:10DBE00012BF5FEA410240F0FF4001F000413FF404
:10DBF0002DAF4A0092EA40033FF528AF002AACBFA0
:10DC00009FED1A1A9FED1A1A20EE010A60EE810AA2
:10DC100010EE100A10EE901A18E70000DB0FC9BFD3
:10DC2000DB0FC93FDB0F4940DB0F49C00000C9BF14
:10DC300022AAFDB90000C93F22AAFD390060ED3ECD
:10DC4000C30ACE3700000000000049C022AA7DBAF6
:10DC50000000494022AA7D3A2DAD65BD8FB8D53D63
:10DC60000FB511BE61C84C3EA8AAAABE0000804FE5
:10DC70000000802F2DED020B019820F00040019054
:10DC80009DED000B02B0704710B52DED028BB1EE8B
:10DC9000C08A18EE100A20F00040C0F1FF40C00F0B
:10DCA0000AD010EE100A20F00040C0F1FF40C00F73
:10DCB00004BF012000F02CF8B0EE480ABDEC028B46
:10DCC00010BD30EE000A704730EE200A70470000A9
:10DCD000DFED020A80EEA00A70470000000000009D
:10DCE0009FED020A20EE000A7047000000000010BD
:10DCF00002E008C8121F08C1002AFAD17047704715
:10DD0000002001E001C1121F002AFBD17047000072
:10DD100001490860704700009C0500207CB504465E
:10DD20000E461148F5F73EFC104880ED000AFBF75F
:10DD30008BFC05460823012221460D48F4F7CCFB55
:10DD4000D5ED030AB0EE600A684600F0F8F9D5EDAB
:10DD5000040AB0EE600A01A800F0F1F96A4604492D
:10DD60000448F4F7EBFB7CBD840500208805002007
:10DD7000DC930020700C00207CB504460E46114850
:10DD8000F5F710FC104880ED000AF9F7BFF80546DA
:10DD90000823012221460D48F4F79EFBD5ED060A23
:10DDA000B0EE600A684600F0CAF9D5ED1F0AB0EE81
:10DDB000600A01A800F0C3F96A4604490448F4F770
:10DDC000BDFB7CBD7C05002080050020DC9300208D
:10DDD000700C00207CB504460E460E48F5F7E2FBB9
:10DDE0000D4880ED000AFBF72FFC054608230122B1
:10DDF00021460A48F4F770FBD5ED020AB0EE600A3E
:10DE0000684600F09CF96A4604490548F4F796FB19
:10DE10007CBD00008C05002090050020DC930020D4
:10DE2000700C00207CB505460E461148F5F7BAFB8C
:10DE3000104880ED000AFBF707FC04460823012286
:10DE400029460D48F4F748FBE07DA17D40EA01102A
:10DE5000C0B28DF80000207D617D40EA4100C0B273
:10DE60008DF801006A4604490448F4F767FB7CBD5D
:10DE70007405002078050020DC930020700C002041
:10DE800008B5016800919DED000A08BDF0B587B0A6
:10DE900006460C4617461D4601940020029003904A
:10DEA0000490059501233A4601A93046F6F717F983
:10DEB00060B102233A4601A93046F6F710F928B1BD
:10DEC00004233A4601A93046F6F709F9002007B0C5
:10DED000F0BD70B505460C4694F83C00012806D00C
:10DEE00002281ED003281DD004281DD11BE0D4ED2C
:10DEF000122AB0EE622AD4ED152AF0EE621AD4EDA1
:10DF0000142AB0EE621AD4ED112AF0EE620AD4EDB2
:10DF1000102AB0EE620A22882146284600F01EFA36
:10DF200002E001E000E000BF00BF70BD10B5044694
:10DF3000A068012800D110BD2146024800F004F875
:10DF400000BFF8E7480C002070B505460C4694F871
:10DF50003C00012806D002280AD003280FD004284C
:10DF60001BD113E021880022284600F0C7F814E0F6
:10DF700021884FF48072284600F0C0F80DE0218817
:10DF80004FF40072284600F0B9F806E021884FF4FB
:10DF90004072284600F0B2F800BF00BF70BD10B557
:10DFA00003460C46207800F00F00586020780111DD
:10DFB0009960A078617840EA0121D960E078000199
:10DFC000217940EA211119616079217901F00F016D
:10DFD00040EA0121596193ED2C1AF0EE410A93EDCC
:10DFE0002C1AB1EE411AB0EE410A1021D86801F0A6
:10DFF000A1FC83ED080A93ED2D1AF0EE410A93ED92
:10E000002D1AB1EE411AB0EE410A0C21186901F047
:10E0100091FC83ED090A93ED2E1AF0EE410A93ED7F
:10E020002E1AB1EE411AB0EE410A0C21586901F0E6
:10E0300081FC83ED0A0AA07900EE100AB8EE400ACE
:10E0400083ED0D0AE07900EE100AB8EE400A83ED88
:10E050000E0A10BD012019490880002048800120C7
:10E0600081F8580081F83C009FED150A084680EDC4
:10E07000100A9FED140A80ED110A134890ED000A72
:10E08000084680ED140A114890ED000A084680ED1C
:10E09000150A9FED0F0A80ED120A9FED0A0A80ED26
:10E0A000130AB2EE090A80ED2C0AB3EE0E0A80EDD7
:10E0B0002D0AB2EE040A80ED2E0A7047AC8C0020C7
:10E0C000CDCCCC3E000000005004002054040020C1
:10E0D000CDCCCC3D064890ED000A064880ED140AF0
:10E0E000054890ED000A034880ED150A70470000CE
:10E0F00050040020AC8C0020540400202DE9FC4189
:10E1000006460C461546601987B2FF208DF80000C0
:10E110008DF801008DF802008DF803008DF80400E1
:10E120008DF805008DF80600FC208DF80700082307
:10E130006A4639463046FFF7A9FEBDE8FC8108B5BE
:10E140008DED000A0099016008BD014671EE602A5C
:10E15000F0EE621AB0EE602A30EE423A01208840BA
:10E16000401E02EE900AF8EEE22A63EE222A82EEC8
:10E17000A13AFDEEC32A12EE900A704730B513465D
:10E1800090ED000AD0ED060A30EE600ABDEEC00A3E
:10E1900010EE102A334CA24203DAC469641CC46135
:10E1A00006E041F27C54A24202DDC469641EC461EF
:10E1B00090F84040012C02D190ED000A07E04C7825
:10E1C0000D7844EA052400EE104AB8EEC00A80ED4E
:10E1D000060A4C780D7844EA052424B200EE104A71
:10E1E000B8EEC00A80ED000ACC788D7844EA0524A8
:10E1F00024B200EE104AB8EEC00A80ED020A4C7953
:10E200000D7944EA052424B200EE104AB8EEC00AA3
:10E2100080ED030A9FED140A80ED040A012480F8C2
:10E22000404090ED000A9FED111AC0EE010A9FEDEB
:10E23000100A20EE800AD0ED070AF8EEE00A9FED02
:10E240000C1A00EE810A80ED0A0A90ED000A9FED9B
:10E25000071AC0EE010A9FED060A20EE800A80ED43
:10E26000090A30BD84EAFFFF0000000000000046FC
:10E270000000B44300BFEFF3058008B101207047F0
:10E280000020FCE7F6F7B6FFFEF72CFCF9F73CFFA1
:10E29000F9F74CFEF9F706FEF9F726FEFAF71EF835
:10E2A000FAF768F8FAF74AF9FAF7F4F8FAF73AF8E9
:10E2B000FAF762F9FAF726F9FAF7B4F8F8F766FE12
:10E2C00001F0D4FB01F050FB0448F7F79BFFF9F78E
:10E2D00089FE00F0E5F800BFFEE70000F80D002021
:10E2E00001460020842901D0CA1C10447047000058
:10E2F000F0B50B30154D20F007010024144A0FE053
:10E3000003688B420BD38B4205D95E1A43184768CA
:10E31000C3E9006700E04368136002C004E0021D27
:10E3200010680028ECD12046002802D1286808B1E6
:10E330000020F0BD064A07481060074A121A22F072
:10E340000702C0E9002401202860D7E798050020D3
:10E3500094050020FC930020F8B300202DE9F04F35
:10E360002DED068B83B083460C461546B0EE40AAD1
:10E37000B0EE608AF0EE418AB0EE619AF0EE429A19
:10E38000A8B2009094ED2C0AB0EE401A94ED2C0A3D
:10E39000B1EE400AF0EE400A1020B0EE4A0AFFF754
:10E3A000D4FE86B294ED2D0AB0EE401A94ED2D0AFB
:10E3B000B1EE400AF0EE400A0C20B0EE480AFFF73A
:10E3C000C4FE87B294ED2E0AB0EE401A94ED2E0AE8
:10E3D000B1EE400AF0EE400A0C20B0EE690AFFF7F9
:10E3E000B4FE1FFA80FA0C20234991ED001A23494C
:10E3F000D1ED000AB0EE680AFFF7A7FE1FFA80F819
:10E400000C201F4991ED001A1E49D1ED000AB0EE13
:10E41000490AFFF79AFE1FFA80F930128DF80400BE
:10E42000F0B28DF80500C7F307108DF80600380725
:10E43000000E40EA28208DF8070008F0FF008DF854
:10E440000800C9F307108DF809004FEA0970000EA3
:10E4500040EA2A208DF80A000AF0FF008DF80B0030
:10E46000082301AA58460099FFF710FD03B0BDEC40
:10E47000068BBDE8F08F0000380400203404002033
:10E48000400400203C04002070B5044625460DB130
:10E49000294600E00121084601F0AAFC002070BDD9
:10E4A00010B501F021FD002010BD7FB504460D46DA
:10E4B000606998B1A06988B1B4F90800FFF710FF4E
:10E4C0000646D4E90510CDE9006102902B46226989
:10E4D000D4E9001002F028FA039013E0B4F9080020
:10E4E000FFF7FEFE064603A8CDE90060238A9AB234
:10E4F0002B46D4E9001002F0E5F9012802D00020F3
:10E5000004B070BD0398FBE77CB504460D46164683
:10E51000606878B1D4E90001CDE90001012D01D195
:10E52000012000E0002002463346012108A002F04D
:10E5300060FC7CBD20680090012D01D1012000E02D
:10E54000002002463346012101A002F037FCF0E72B
:10E55000000000002DE9FC4106460C460027002083
:10E560000190254605B90125FFF784FEB0B10020D2
:10E5700001AB2A4609210090304602F0AFFC012889
:10E5800001D0FF2715E0019898B14FF080500A495B
:10E590000860BFF34F8FBFF36F8F0AE00020034680
:10E5A0002A4604210090304602F098FC012800D051
:10E5B000FF273846BDE8FC8104ED00E02DE9F0417D
:10E5C00005460E461F48076800201F49096881F864
:10E5D00052001D480068001D01F082FA50B91A4827
:10E5E000006890F82C100120884018490968814380
:10E5F00016480160681C38B936B113480168091D16
:10E60000134801F0C3FA1AE07C190F48006844600F
:10E61000BC4207D20C480168091D0E48006801F091
:10E620009BFA0CE008480168091D0B48006801F0DE
:10E6300093FA0A480068844201D208480460BDE8A1
:10E64000F08100005400002040000020580000200D
:10E65000EC12002048000020440000207000002040
:10E6600010B5044601F09EFA23480068401C224978
:10E6700008602248006840B92048046008460068E5
:10E6800001280DD100F028FA0AE01D48006838B9C9
:10E690001A480068C06AE16A884201D817480460D5
:10E6A00018480068401C1749086094F82C10012095
:10E6B000884015490968084313490860E16A01EB7D
:10E6C0008101124A02EB8100211D01F05FFA01F085
:10E6D00093FA0B48006868B108480068C06AE16AAC
:10E6E000884207D24FF0805009490860BFF34F8F2E
:10E6F000BFF36F8F10BD00005000002040000020CD
:10E700005C0000206C000020580000201012002047
:10E7100004ED00E008B501F045FA12480068E8B9D8
:10E72000114801F009FA114801F006FA0E481049A3
:10E7300008600E480F49086000200F4B0F4A102157
:10E7400000900A2001F0A8FD06490860084600680C
:10E7500020B10BA10348006801F00EFB01F04CFA58
:10E7600008BD0000840000200013002014130020C6
:10E770007C0000208000002028130020701300205F
:10E78000546D72510000000010B516E001F00AFA55
:10E790000C48C068C468201D01F0A2F90A4800684E
:10E7A000401E0949086009480068401E0749086082
:10E7B00001F022FA204600F05FF8044800680028C3
:10E7C000E4D110BDD8120020500000204C000020E1
:10E7D00070B504460D46206C70B1216CE0680144B0
:10E7E000E160D4E90210884201D32168E160284643
:10E7F000226CE168F1F775FD70BD2DE9F04104462A
:10E800000F4615464FF00008A66B206C48B92068EB
:10E8100000282CD1A06802F09FF980460020A0605B
:10E8200025E07DB93946226C6068F1F75AFD216C0C
:10E83000606808446060D4E90101884217D3206809
:10E84000606014E03946226CE068F1F74AFD216C03
:10E85000E068411AE1602168E068884203D2216CD7
:10E86000A068411AE160022D01D106B1761E701C2C
:10E87000A0634046BDE8F08110B5044694F851000D
:10E8800030B9206B01F0D6F9204601F0D3F91AE037
:10E8900094F85100012803D1204601F0CBF912E091
:10E8A00094F85100022801D1012000E0002050B965
:10E8B00000BF502080F31188BFF34F8FBFF36F8FDD
:10E8C00000BF00BFFEE710BD0146084A126812688B
:10E8D0000AB9012200E000220A600A6822B9034A4C
:10E8E0001268D268106800E0002070477C000020A9
:10E8F00030B54FF4C043174800F007042CB1C01DD9
:10E9000020F00700134C041B1B1B0246124C226014
:10E910000024114D6C60D018083820F007000F4C0F
:10E92000206000240D4D2D686C600C4D2D682C600E
:10E930001146441A4C60094C24680C60084D4C6820
:10E940002C60084D4C682C604FF00044064D2C6044
:10E9500030BD00001014002090000020980000201E
:10E96000A00000209C000020AC00002000BFFFF7AA
:10E970000BFF064800680128F9D94FF08050044980
:10E980000860BFF34F8FBFF36F8FF0E710120020C6
:10E9900004ED00E02DE9F04106460D461746984685
:10E9A000069C0DB9246000E02760E6632564012120
:10E9B000204601F0E1FCBDE8F0812DE9F05F8246E0
:10E9C0000E4690469B460A9F0C9C4FEA8801A52262
:10E9D000206BF1F798FCA8F10100216B01EB800995
:10E9E00029F0070909F0070008B9012000E000201C
:10E9F00050B900BF502080F31188BFF34F8FBFF391
:10EA00006F8F00BF00BFFEE786B1002507E0715D94
:10EA100004F134004155705D00B902E06D1C102D09
:10EA2000F5D300BF00214320015502E0002084F807
:10EA30003400072F00D30627E76267640020A06434
:10EA4000201D01F086F804F1180001F082F824611D
:10EA5000C7F10700A06164620020E06484F8500000
:10EA600084F852005A465146484600F09FFB206009
:10EA70000B9808B10B980460BDE8F09F2DE9F047B2
:10EA800006460D4617469846DDE908940DB101206B
:10EA900000E0002050B900BF502080F31188BFF380
:10EAA0004F8FBFF36F8F00BF00BFFEE78CB1FFF742
:10EAB00031FE2660A561C4F81C80C4F82090201D9A
:10EAC00001F047F82FB194F8240040F0040084F8D6
:10EAD0002400BDE8F087000010B5002407E004EB37
:10EAE00084010F4A02EB810001F026F8641C072C18
:10EAF000F5D30C4801F020F80B4801F01DF80B4845
:10EB000001F01AF80A4801F017F80A4801F014F861
:10EB100004480949086004480849086010BD00001D
:10EB2000101200209C120020B0120020C4120020FD
:10EB3000D8120020EC1200204400002048000020E1
:10EB400010B50146164800E0006803688B42FBD30D
:10EB50000246436813448B4204D143684C68234403
:10EB6000436001460A464B6813440468A34211D12E
:10EB70000C4C03682468A34208D04B68046864689E
:10EB800023444B6003681B680B6005E0054B1B6862
:10EB90000B6001E003680B60884200D0016010BD8B
:10EBA00090000020980000202DE9F04104460D4619
:10EBB00016461F464FF0000865602461B5420CD828
:10EBC000F01BA169884202D34FF0010811E0211D1A
:10EBD0000948006800F0C0FF0BE0BE4204D2BD420D
:10EBE00002D34FF0010804E0211D0448006800F042
:10EBF000B3FF4046BDE8F081800000207C0000208B
:10EC000070B5054600F0CEFFA86B08B9012400E0FE
:10EC1000002400F0F1FF204670BD70B5054600F0FD
:10EC2000C1FFA86BE96B884201D1012400E00024F8
:10EC300000F0E2FF204670BDF8B505460F461A48C1
:10EC40000068C068C468201D00F04AFF94F82400E2
:10EC500000F00400E8B1A06941192B463A4620466D
:10EC6000FFF7A2FFD8B1002003462A4601460090D4
:10EC7000204602F033F9064656B900BF502080F313
:10EC80001188BFF34F8FBFF36F8F00BF00BFFEE748
:10EC900005E094F8240020F0010084F824002046C8
:10ECA000216A8847F8BD00007C000020F0B587B0DD
:10ECB000A0E00398002811DA04AE56B900BF502036
:10ECC00080F31188BFF34F8FBFF36F8F00BF00BF7A
:10ECD000FEE7D6E90020B168904700BF03980028FE
:10ECE000E6DB059C606908B9012000E0002010B94E
:10ECF000201D00F0F5FE02A800F0DEF8054603989E
:10ED00000A2875D2DFE800F00905073941630608D3
:10ED10003A4200BF00BF00BF00BF94F8240040F09B
:10ED2000010084F824000498A269811803462A4649
:10ED30002046FFF739FFF8B12046216A884794F84A
:10ED4000240000F00400B8B1002000900498A169EC
:10ED5000421800231946204602F0C0F8074657B96A
:10ED600000BF502080F31188BFF34F8FBFF36F8F28
:10ED700000BF00BFFEE700BF3BE000BF94F82400E7
:10ED800020F0010084F8240033E000BF94F8240050
:10ED900040F0010084F824000498A061A06908B143
:10EDA000012000E0002050B900BF502080F31188FE
:10EDB000BFF34F8FBFF36F8F00BF00BFFEE7A069A7
:10EDC00041192B462A462046FFF7EEFE11E094F843
:10EDD000240000F0020018B9204600F02BFF05E0E7
:10EDE00094F8240020F0010084F8240001E0FFE7FB
:10EDF00000BF00BF002203A90448006801F05AFCCC
:10EE000000287FF456AF07B0F0BD0000840000205A
:10EE1000F8B505460C4601F03DF9684600F04CF89F
:10EE20000646009820BB44B9B54206D801F044FF1D
:10EE300031462846FFF700FF1CE03CB10E48006851
:10EE4000006808B9012000E000200446A91B224602
:10EE50000A48006800F0A6FF01F02EFF50B94FF0FD
:10EE6000805007490860BFF34F8FBFF36F8F01E0F9
:10EE700001F022FFF8BD0000800000208400002087
:10EE800004ED00E00A490968096809B9012100E0B8
:10EE9000002121B14FF0FF31064A116006E004491C
:10EEA0000968C968C868034A416811607047000072
:10EEB000440000207000002070B5044601F0A2FD5F
:10EEC000054607480068854204D200F00BF801208F
:10EED000206001E00020206001480560284670BDE8
:10EEE0008C0000202DE9F84334E025480068C06814
:10EEF000056823480068C068C468201D00F0F0FD64
:10EF00002046216A884794F8240000F0040008B3E2
:10EF1000A0694619AE4207D966602461211D1848D0
:10EF2000006800F019FE15E0002003462A4601465D
:10EF30000090204601F0D2FF074657B900BF50208D
:10EF400080F31188BFF34F8FBFF36F8F00BF00BFF7
:10EF5000FEE700BF0A480068006808B9012000E029
:10EF600000200028C1D00648D0F80080054800687D
:10EF7000034908600348C0F80080BDE8F88300003A
:10EF80007C000020800000200E480068401C08B96A
:10EF9000012000E0002050B900BF502080F311880C
:10EFA000BFF34F8FBFF36F8F00BF00BFFEE700BFFF
:10EFB000502080F31188BFF34F8FBFF36F8F00BFD6
:10EFC00000BFFEE7B000002008B500BF6846FFF7AD
:10EFD0007BFC044620460099FFF71AFFFFF766FE08
:10EFE000F4E770B5044600F0DDFD94F9455010E0FB
:10EFF000606A08B9012000E0002038B904F124005B
:10F0000001F00EFE18B100F02DFF00E003E0681ED5
:10F0100045B2002DECDC00BFFF2084F8450000F075
:10F02000EBFD00F0BFFD94F9445010E0206908B9F1
:10F03000012000E0002048B904F1100001F0F0FDCB
:10F0400008B100F00FFF681E45B200E001E0002D9E
:10F05000ECDC00BFFF2084F8440000F0CDFD70BD63
:10F060002DE9F04104464FF0000801F013F849483B
:10F07000006808B9FFF73CFC4748006820400028BA
:10F0800070D1D4B1083404F00700B0B104F0070027
:10F09000C0F10800044404F0070008B9012000E0B2
:10F0A000002050B900BF502080F31188BFF34F8F6C
:10F0B000BFF36F8F00BF00BFFEE7002C52D0374870
:10F0C000006884424ED8364E3046056801E02E4630
:10F0D0002D686868A04202D228680028F7D12D4820
:10F0E000006885423ED0306800F10808286830602A
:10F0F0006868001B102819D92F1907F0070008B9F4
:10F10000012000E0002050B900BF502080F311889A
:10F11000BFF34F8FBFF36F8F00BF00BFFEE768687C
:10F12000001B78606C603846FFF70AFD1B49686871
:10F130000968081A194908600846006819490968E9
:10F14000884203D215480068164908601249686869
:10F150000968084368600020286013480068401C64
:10F160001149086001F0A8FD08F0070008B9012066
:10F1700000E0002050B900BF502080F31188BFF399
:10F180004F8FBFF36F8F00BF00BFFEE74046BDE863
:10F19000F081000098000020AC0000209C000020BE
:10F1A00090000020A0000020A4000020001F4FF0CD
:10F1B00080730360001F21F001030360001F054BF3
:10F1C000036014380260001F6FF0020303602038F0
:10F1D0007047000089EF000808B590F8582002B980
:10F1E00008BD8A78332A71D10A798DF800204A79CE
:10F1F0008DF801208A798DF80220CA798DF80320D4
:10F20000CA78522A31D2DFE802F029313941495116
:10F210005962686E757C848C939AA1A8B0B8C0C8F6
:10F22000D0D8F5FDF2F1F0EFEEEDECEBEAE9E830E5
:10F23000303030303030303030303030E7E6E5E4F8
:10F24000E3E2303030303030303030303030303059
:10F2500030303030303030303030E1E09DED000A79
:10F2600080ED170A022280F8582069E19DED000A1E
:10F2700080ED180A032280F8582061E19DED000A14
:10F2800080ED190A042280F8582059E19DED000A0A
:10F2900080ED1A0A052280F8582051E19DED000A00
:10F2A00080ED1B0A062280F8582049E19DED000AF6
:10F2B00080ED1C0A072280F8582041E19DED000AEC
:10F2C00080ED1D0A082280F8582039E139E1009BC1
:10F2D0008367092280F8582032E1009BC3670A2225
:10F2E00080F858202CE18022009B13500B2280F8DC
:10F2F000582025E18422009B13500C2280F85820CE
:10F300001EE19DED000A80ED220A0D2280F85820B2
:10F3100016E19DED000A80ED230A0E2280F85820A8
:10F320000EE19022009B13500F2280F8582007E135
:10F330009422009B1350102280F8582000E198225C
:10F34000009B1350112280F85820F9E09C22009B6A
:10F350001350122280F85820F2E09DED000A80ED53
:10F36000280A132280F85820EAE09DED000A80ED7B
:10F37000290A142280F85820E2E09DED000A80ED71
:10F380002A0A152280F85820DAE09DED000A80ED67
:10F390002B0A162280F85820D2E09DED000A80ED5D
:10F3A0002C0A172280F85820CAE09DED000A80ED53
:10F3B0002D0A182280F85820C2E09DED000A80ED49
:10F3C0002E0A192280F85820BAE0B1E0A8E09FE0A8
:10F3D00096E08DE084E07BE072E06AE062E059E074
:10F3E00050E047E03EE035E02CE023E01AE011E099
:10F3F00008E0FFE79DED000A80ED2F0A1A2280F851
:10F4000058209DE09DED000A80ED300A1B2280F817
:10F41000582095E09DED000A80ED310A1C2280F80D
:10F4200058208DE09DED000A80ED320A1D2280F803
:10F43000582085E09DED000A80ED330A1E2280F8F9
:10F4400058207DE09DED000A80ED340A1F2280F8EF
:10F45000582075E09DED000A80ED350A202280F8E5
:10F4600058206DE09DED000A80ED360A212280F8DB
:10F47000582065E09DED000A80ED370A222280F8D1
:10F4800058205DE09DED000A80ED380A232280F8C7
:10F49000582055E09DED000A80ED390A242280F8BD
:10F4A00058204DE0009BC0F8E830252280F8582015
:10F4B00046E0009BC0F8EC30262280F858203FE060
:10F4C0009DED000A80ED3C0A272280F8582037E0A5
:10F4D0009DED000A80ED3D0A282280F858202FE09B
:10F4E0009DED000A80ED3E0A292280F8582027E091
:10F4F0009DED000A80ED3F0A2A2280F858201FE087
:10F500009DED000A80ED400A2B2280F8582017E07C
:10F510009DED000A80ED410A2C2280F858200FE072
:10F520009DED000A80ED420A2D2280F8582007E068
:10F530009DED000A80ED430A002280F8582000BFAC
:10F5400000BF00BF4CE600002DE9F04104460D4627
:10F5500017460CB9BDE8F081082F00D0FAE794F8FF
:10F560004000012802D194ED000A07E0687829786C
:10F5700040EA012000EE100AB8EEC00A84ED060A47
:10F580006878297840EA012000B200EE100AB8EE4F
:10F59000C00A84ED000AE878A97840EA012000B2A8
:10F5A00000EE100AB8EEC00ADFED560A80EE201A0F
:10F5B00084ED021A6879297940EA012000B200EE50
:10F5C000100AB8EEC00A84ED030A9FED4F0A84EDDD
:10F5D000040A012084F8400094ED000AD4ED060AE4
:10F5E00030EE600ABDEEC00A10EE106A16F5805FBC
:10F5F00003DAE069401CE06105E0B6F5805F02DDFA
:10F60000E069401EE061D4ED000A9FED401A80EEF3
:10F61000810AF2EE040A20EE200AD4ED070AF8EE81
:10F62000E00AB2EE041A00EE810A84ED0A0A42F200
:10F630001071E06988420FDDD4ED0A0AE06900EB41
:10F640008000400000EE100AB8EEC00A30EEC00A9A
:10F6500084ED0A0A0020E0612D49E06988420FDA52
:10F66000D4ED0A0AE06900EB8000400000EE100AC9
:10F67000B8EEC00A30EE800A84ED0A0A0020E0618C
:10F6800094ED090AD4ED080A9FED221A70EEC10A22
:10F69000B4EEE00AF1EE10FA11D294ED080ADFEDB3
:10F6A0001D0AB4EEE00AF1EE10FA08DB94ED090A47
:10F6B000DFED190A30EE200A84ED090A1DE094ED11
:10F6C000090AD4ED080A9FED131A70EE810AB4EE10
:10F6D000E00AF1EE10FA10DD94ED080ADFED0D0AF4
:10F6E000B4EEE00AF1EE10FA07D294ED090ADFED6C
:10F6F0000A0A30EE600A84ED090AF5F769FDE06355
:10F7000000BF27E700001042000000000000004694
:10F71000F0D8FFFF000034430000B4432DE9F0416E
:10F7200004460D4617460CB9BDE8F08194F8400038
:10F73000012802D194ED000A07E06878297840EAB0
:10F74000012000EE100AB8EEC00A84ED060A94ED1E
:10F75000020A84ED010A6878297840EA012000B2A3
:10F7600000EE100AB8EEC00A84ED000AE878A97825
:10F7700040EA012000B200EE100AB8EEC00AF3EE33
:10F78000030A80EE201A84ED021A6879297940EA8A
:10F79000012000B200EE100AB8EEC00A84ED030AA0
:10F7A000A87900EE100AB8EEC00A84ED040A94EDC0
:10F7B000000AD4ED060A30EE600ABDEEC00A10EE73
:10F7C000106A16F5805F03DAE069401CE06105E02D
:10F7D000B6F5805F02DDE069401EE061D4ED000A0D
:10F7E0009FED3E1A80EE810ADFED3D0A20EE200AF1
:10F7F000D4ED070AF8EEE00A9FED391A00EE810A0F
:10F8000084ED0A0A42F21071E06988420FDDD4EDFE
:10F810000A0AE06900EB8000400000EE100AB8EE32
:10F82000C00A30EEC00A84ED0A0A0020E0612D49CA
:10F83000E06988420FDAD4ED0A0AE06900EB800043
:10F84000400000EE100AB8EEC00A30EE800A84EDE7
:10F850000A0A0020E06194ED090AD4ED080A9FED40
:10F86000221A70EEC10AB4EEE00AF1EE10FA11D2DB
:10F8700094ED080ADFED1C0AB4EEE00AF1EE10FA8E
:10F8800008DB94ED090ADFED160A30EE200A84ED5C
:10F89000090A1DE094ED090AD4ED080A9FED121A39
:10F8A00070EE810AB4EEE00AF1EE10FA10DD94ED8C
:10F8B000080ADFED0D0AB4EEE00AF1EE10FA07D205
:10F8C00094ED090ADFED060A30EE600A84ED090ABC
:10F8D000F5F77EFCE06300BF26E70000000000466D
:10F8E0000000B443F0D8FFFF0000344310B500EE31
:10F8F000100A2DED028BB1EEC08A18EE100A20F02E
:10F900000040C0F1FF40C00F0AD010EE100A20F0F6
:10F910000040C0F1FF40C00F04BF0120FEF7F8F91E
:10F9200018EE100ABDEC028B10BD08B50090009ACD
:10F930000A6008BDB0EE401A30EEC10AF0EE401A7F
:10F94000B0EE412A00EE100AB8EEC00A60EE212A9D
:10F9500001228A40521E00EE102AB8EEC03A82EE12
:10F96000830A30EE020A70473A480068406940F066
:10F97000400038490968486136480068406940F0ED
:10F98000800034490968486133480068006820F005
:10F99000010031490968086007E02F4800680068E5
:10F9A00020F001002C49096808602B4800680068B5
:10F9B00000F001000028F0D1284827490968886034
:10F9C00024480068C06840F0100022490968C860F7
:10F9D000214800682249884204D9C81420494C397A
:10F9E000086019E01C4800681E49884204D9C81400
:10F9F0001B49503908600FE0174800681949603901
:10FA0000884204D9C8141749B839C86004E04FF4D3
:10FA100000601449B839886013480F490968C86004
:10FA20001E300D49096808611E200B4909684860AD
:10FA300009480068006840F48020074909680860A8
:10FA400005480068006840F0010003490968086043
:10FA500070470000D00E0020A80F002004100140C5
:10FA600058640240B86002400078002019480068DD
:10FA7000406940F04000174909684861154800682E
:10FA8000406940F0800013490968486112480068E5
:10FA9000006820F0010010490968086007E00E487E
:10FAA0000068006820F001000B49096808600A48F6
:10FAB0000068006800F001000028F0D107480649FE
:10FAC00009688860002004490968C860024909681B
:10FAD00048607047D00E002008100020041001403C
:10FAE00001460A69D1E901309860D1E90103586003
:10FAF0005068884201D18868506000200861106811
:10FB0000401E106010687047034B0360034B0B608E
:10FB10008023136070470000A0050020F40500203A
:10FB2000034B0360034B0B604FF48073136070470B
:10FB3000F40700204808002000F1080141604FF060
:10FB4000FF31816000F10801C160016100210160A5
:10FB5000704700210161704710B502460B685C1CBC
:10FB60000CB9106907E002F1080000E04068446841
:10FB700024689C42FAD944684C604C68A160886053
:10FB800041600A611468641C146010BD42684A60D8
:10FB900093688B60936859609160086103685B1C8F
:10FBA0000360704700BF502080F31188BFF34F8F70
:10FBB000BFF36F8F00BF0E480068401C0C490860FF
:10FBC00008460068012812D10A480068C0B208B986
:10FBD000012000E0002050B900BF502080F31188C0
:10FBE000BFF34F8FBFF36F8F00BF00BFFEE77047BB
:10FBF000B000002004ED00E00D48006850B900BFDF
:10FC0000502080F31188BFF34F8FBFF36F8F00BF79
:10FC100000BFFEE706480068401E05490860084628
:10FC2000006820B9002080F3118800BF00BF704732
:10FC3000B000002070B506463546002E44D0083D81
:10FC40002C46224960680968084008B1012000E09C
:10FC5000002050B900BF502080F31188BFF34F8FB0
:10FC6000BFF36F8F00BF00BFFEE7206808B9012017
:10FC700000E0002050B900BF502080F31188BFF38E
:10FC80004F8FBFF36F8F00BF00BFFEE70F49606863
:10FC900009680840C0B12068B0B90C4960680968BB
:10FCA0008843606000F0F6F9094960680968084413
:10FCB000074908602046FEF743FF06480068401CDD
:10FCC0000449086000F0F8FF70BD0000AC0000209F
:10FCD0009C000020A800002000204FF0E0210861D7
:10FCE0008861064800684FF47A71B0FBF1F0401E5D
:10FCF0004FF0E02148610720086170473C00002078
:10FD000070B5F0F7A7FA0446102C16D304F1E020E2
:10FD100090F8F05315480078854201DB012000E09F
:10FD2000002050B900BF502080F31188BFF34F8FDF
:10FD3000BFF36F8F00BF00BFFEE70D48006800F4FF
:10FD4000E0600C490968884201D8012000E00020E9
:10FD500050B900BF502080F31188BFF34F8FBFF31D
:10FD60006F8F00BF00BFFEE770BD0000B400002031
:10FD70000CED00E0B8000020024600200BE0084B2C
:10FD800053F8303033B9064B43F8301003EBC0035F
:10FD90005A6002E0401C0828F1D300BF7047000001
:10FDA000D01100202DE9F04105460E4617462C469D
:10FDB000FFF7F8FE94F94400401C10B9002084F8C5
:10FDC000440094F94500401C10B9002084F8450017
:10FDD000FFF712FFA06B28B93A46314604F1240020
:10FDE00000F062F82046FFF7FCF8BDE8F081000063
:10FDF00070B504460025D4B11248006808B9012046
:10FE000000E0002050B900BF502080F31188BFF3FC
:10FE10004F8FBFF36F8F00BF00BFFEE700F03AF9CE
:10FE200000212046FEF7CAFB00F046FF05463DB91B
:10FE30004FF0805004490860BFF34F8FBFF36F8FBE
:10FE400070BD00007800002004ED00E0034909685F
:10FE500001600349096841607047000068000020A4
:10FE60005400002001200149086070476400002010
:10FE700070B504460D4654B900BF502080F3118878
:10FE8000BFF34F8FBFF36F8F00BF00BFFEE7054882
:10FE9000016818312046FFF75FFE01212846FEF772
:10FEA0008DFB70BD4000002070B505460E4614461F
:10FEB00055B900BF502080F31188BFF34F8FBFF3B7
:10FEC0006F8F00BF00BFFEE7064801681831284663
:10FED000FFF75CFE0CB14FF0FF3621463046FEF7CF
:10FEE0006DFB70BD4000002010B586B0002005906D
:10FEF000049003AA04A905A8FFF706FE0022DDE985
:10FF000004101346CDE9002102901EA11F48039A58
:10FF100000F00AFD1E4908600846006808B1012487
:10FF200000E00024012C02D100F09CFF0446012CCB
:10FF300015D100BF502080F31188BFF34F8FBFF35E
:10FF40006F8F00BF4FF0FF30124908600120124947
:10FF5000086000201149086000F0EAF810E0601C19
:10FF600008B1012000E0002050B900BF502080F30C
:10FF70001188BFF34F8FBFF36F8F00BF00BFFEE745
:10FF800006B010BD49444C45000000006DE9000872
:10FF900074000020700000205C000020540000204D
:10FFA00070B50546FFF7FEFD15B93248006800E060
:10FFB00028460446201DFFF793FD78B9E06A00EB60
:10FFC00080002D4951F8200040B994F82C100120F0
:10FFD00088402A490968814328480160A06A18B10D
:10FFE00004F11800FFF77CFD211D2548FFF7CEFD29
:10FFF00094F85000012802D1002084F85000FFF747
:020000040801F1
:10000000FBFD2048006828B1FFF7CCFDFEF73AFF62
:10001000FFF7F2FD17480068844229D119480068AB
:10002000D0B11948006808B9012000E0002050B99B
:1000300000BF502080F31188BFF34F8FBFF36F8F45
:1000400000BF00BFFEE74FF0805010490860BFF3CB
:100050004F8FBFF36F8F0BE0094800680C490968A8
:10006000884203D100200349086001E000F01AF83B
:1000700070BD000040000020101200205800002039
:10008000EC1200205C0000207800002004ED00E06D
:100090005000002002480068401C01490860704779
:1000A000780000201D48006818B101201C49086034
:1000B00032E000201A4908601A480068B0FA80F05F
:1000C000C0F11F0101EB8100174A52F8200008B16E
:1000D000012000E0002050B900BF502080F31188BB
:1000E000BFF34F8FBFF36F8F00BF00BFFEE701EB81
:1000F00081020D4B03EB820042685268426000F1BE
:1001000008024368934202D14268526842604268E2
:10011000D268064B1A6000BF7047000078000020CC
:100120006400002058000020101200204000002031
:100130001CB5524800685249884201D0012000E0B5
:10014000002050B900BF502080F31188BFF34F8FBB
:10015000BFF36F8F00BF00BFFEE748480068484903
:10016000491E884201D0012000E0002050B900BFA4
:10017000502080F31188BFF34F8FBFF36F8F00BF04
:1001800000BFFEE73F49084600780190FF200A467D
:1001900010700846007800909DF8000000F0F00014
:1001A0009DF80020904201D1012000E0002050B9CC
:1001B00000BF502080F31188BFF34F8FBFF36F8FC4
:1001C00000BF00BFFEE79DF8000000F050002E4A7F
:1001D000107007202D4A106009E02C480068401E6E
:1001E0002A4A10609DF800004006000E00909DF81D
:1001F000000000F080008028EFD024480068C0F1A3
:100200000700042801D1012000E0002050B900BF00
:10021000502080F31188BFF34F8FBFF36F8F00BF63
:1002200000BFFEE7194800680002184A1060104637
:10023000008800F4E0601060124A019810700F48C6
:100240002030006840F470000C49203108600846F6
:10025000006840F070400860FFF73EFD00200C4948
:100260000860EFF7BFFF0B48006840F040400949C5
:100270000860EFF7A3FF00201CBD000000ED00E0C8
:1002800071C20F4100E400E0B4000020B80000207B
:10029000B000002034EF00E02DE9F84380460E4620
:1002A00017461D46DDF82090B8F1000F01D001205F
:1002B00000E0002050B900BF502080F31188BFF348
:1002C0004F8FBFF36F8F00BF00BFFEE70DB101205E
:1002D00000E0002050B900BF502080F31188BFF328
:1002E0004F8FBFF36F8F00BF00BFFEE707B10EB1A6
:1002F000012000E0002050B900BF502080F3118899
:10030000BFF34F8FBFF36F8F00BF00BFFEE707B98A
:100310000EB9012000E0002050B900BF502080F34A
:100320001188BFF34F8FBFF36F8F00BF00BFFEE791
:10033000482000900098482801D1012000E00020CA
:1003400050B900BF502080F31188BFF34F8FBFF327
:100350006F8F00BF00BFFEE700BF2C464CB10120ED
:1003600084F846004B463A46314640460094FEF734
:1003700011FB2046BDE8F88370B505460E462C46B5
:1003800054B900BF502080F31188BFF34F8FBFF3E3
:100390006F8F00BF00BFFEE7FFF704FCD4E90F1228
:1003A000206801FB0200A0600020A063206860605C
:1003B000E06B401E226C216800FB0211E160FF200F
:1003C00084F8440084F845009EB9206908B90120EA
:1003D00000E00020A8B904F1100000F021FC80B179
:1003E0004FF0805009490860BFF34F8FBFF36F8F04
:1003F00007E004F11000FFF79FFB04F12400FFF772
:100400009BFBFFF7F9FB012070BD000004ED00E04D
:100410002DE9FF4383B0064688461D464FF000098C
:10042000344654B900BF502080F31188BFF34F8F7A
:10043000BFF36F8F00BF00BFFEE7B8F1000F01D11F
:10044000206C08B9012000E0002050B900BF502006
:1004500080F31188BFF34F8FBFF36F8F00BF00BFD2
:10046000FEE7022D02D1E06B012801D1012000E05E
:10047000002050B900BF502080F31188BFF34F8F88
:10048000BFF36F8F00BF00BFFEE700F0ABFA08B903
:10049000059808B9012000E0002050B900BF5020A5
:1004A00080F31188BFF34F8FBFF36F8F00BF00BF82
:1004B000FEE700BFFFF776FBA06BE16B884201D33C
:1004C000022D28D12A4641462046FEF796F90746D6
:1004D000606A08B9012000E0002068B904F1240036
:1004E00000F09EFB88B14FF0805032490860BFF3A6
:1004F0004F8FBFF36F8F08E03FB14FF080502D4911
:100500000860BFF34F8FBFF36F8FFFF775FB0120BC
:1005100007B0BDE8F083059818B9FFF76DFB002020
:10052000F6E7B9F1000F04D101A8FFF78FFC4FF0F7
:100530000109FFF761FBFFF7ADFDFFF733FB94F90E
:100540004400401C10B9002084F8440094F9450090
:10055000401C10B9002084F84500FFF74DFB05A9A9
:1005600001A800F05BF9F0B92046FEF756FBA0B1F8
:1005700004F110000599FFF77BFC2046FEF731FDE2
:1005800000F09AFB002895D14FF08050094908608F
:10059000BFF34F8FBFF36F8F8CE72046FEF721FD2F
:1005A00000F08AFB86E72046FEF71BFD00F084FB87
:1005B0000020ADE704ED00E02DE9F84F07468A463C
:1005C00090461E463C4654B900BF502080F3118827
:1005D000BFF34F8FBFF36F8F00BF00BFFEE7BAF1CD
:1005E000000F01D1206C08B9012000E0002050B9B3
:1005F00000BF502080F31188BFF34F8FBFF36F8F80
:1006000000BF00BFFEE7022E02D1E06B012801D13E
:10061000012000E0002050B900BF502080F3118875
:10062000BFF34F8FBFF36F8F00BF00BFFEE7FFF731
:1006300067FB00BF5021EFF3118081F31188BFF3F6
:100640004F8FBFF36F8F00BF0546A06BE16B8842F1
:1006500001D3022E25D194F945B0A06B009032460B
:1006600051462046FEF7C9F80BF1010088B9606ACF
:1006700008B9012000E0002050B904F1240000F086
:10068000CFFA28B1B8F1000F02D00120C8F800005D
:1006900004E00BF1010040B284F845004FF001097D
:1006A00001E04FF0000900BF85F3118800BF484604
:1006B000BDE8F88F2DE9F74183B005460E464FF0AF
:1006C00000082C4654B900BF502080F31188BFF3B6
:1006D0004F8FBFF36F8F00BF00BFFEE70EB9206CD6
:1006E00008B9012000E0002050B900BF502080F37D
:1006F0001188BFF34F8FBFF36F8F00BF00BFFEE7BE
:1007000000F070F908B9059808B9012000E0002050
:1007100050B900BF502080F31188BFF34F8FBFF353
:100720006F8F00BF00BFFEE700BFFFF73BFAA76B6C
:10073000F7B131462046FEF74BF8781EA0632069DA
:1007400008B9012000E0002060B904F1100000F0B9
:1007500067FA38B14FF080502F490860BFF34F8FD0
:10076000BFF36F8FFFF748FA012006B0BDE8F081B4
:10077000059818B9FFF740FA0020F6E7B8F1000F26
:1007800004D101A8FFF762FB4FF00108FFF734FA2C
:10079000FFF780FCFFF706FA94F94400401C10B9FB
:1007A000002084F8440094F94500401C10B9002052
:1007B00084F84500FFF720FA05A901A800F02EF8FB
:1007C000F0B92046FEF71CFAA0B104F12400059907
:1007D000FFF74EFB2046FEF704FC00F06DFA002800
:1007E000A3D14FF080500C490860BFF34F8FBFF387
:1007F0006F8F9AE72046FEF7F4FB00F05DFA94E76E
:100800002046FEF7EEFB00F057FA2046FEF7F8F917
:1008100000288AD00020A8E704ED00E070B5064665
:100820000C4656B900BF502080F31188BFF34F8F9C
:10083000BFF36F8F00BF00BFFEE754B900BF502069
:1008400080F31188BFF34F8FBFF36F8F00BF00BFDE
:10085000FEE7FFF7A7F9184802687068131A1748EF
:10086000006890F8520030B100201449096881F8FE
:10087000520001251CE02068401C08B9002517E043
:100880000F4930680968884204D07068904201D8E6
:1008900001250DE02068984207D92068C01A206021
:1008A0003046FFF7D3FA002502E000202060012542
:1008B000FFF7A2F9284670BD540000204000002038
:1008C000680000202DE9FF4F85B080468946174615
:1008D000DDE912ABB800FEF7C3FB064656B1542063
:1008E000FEF7BEFB04460CB1266304E03046FFF77A
:1008F000A1F900E000248CB1002084F85100CDE97A
:1009000000ABCDE902403A4649464046089BFEF717
:1009100054F82046FDF7A4FE012501E04FF0FF3515
:10092000284609B0BDE8F08F2DE9F04F85B00746A5
:10093000884691469A46DDE90EB6109C0EB101201C
:1009400000E0002050B900BF502080F31188BFF3B1
:100950004F8FBFF36F8F00BF00BFFEE70CB10120C8
:1009600000E0002050B900BF502080F31188BFF391
:100970004F8FBFF36F8F00BF00BFFEE7542003907F
:100980000398542801D1012000E0002050B900BF95
:10099000502080F31188BFF34F8FBFF36F8F00BFDC
:1009A00000BFFEE700BFB4B1AEB125462C462E63B2
:1009B000022085F85100002004A953464A46CDE99B
:1009C00000B1CDE9025041463846FDF7F6FF284612
:1009D000FDF746FE01E000200490049805B0BDE854
:1009E000F08F00000549096809B9012005E00449B4
:1009F000096809B9022000E0002070475C0000206F
:100A00007800002001490868704700005400002069
:100A10002DE9F0414FF000084448006800287CD1DF
:100A200043480068451C4248056015BB41480068C2
:100A3000006808B9012000E0002050B900BF502034
:100A400080F31188BFF34F8FBFF36F8F00BF00BFDC
:100A5000FEE7384807683848006836490860364875
:100A6000076036480068401C34490860FEF70AFAFF
:100A700000BF3348006885423CD300BF2D48006862
:100A8000006808B9012000E0002020B14FF0FF30DD
:100A90002B4908602DE027480068C068C468666874
:100AA000B54202D22648066023E0201DFFF718F861
:100AB000A06A18B104F11800FFF712F894F82C108E
:100AC000012088401F49096808431E490860E16AFF
:100AD00001EB81011C4A02EB8100211DFFF756F852
:100AE0001A49E06A0968C96A8842C7D34FF0010809
:100AF000C4E700BF15480068C06A00EB80001249D7
:100B000051F82000012801D94FF001081048006871
:100B100008B14FF0010805E0FFE70E480068401CEF
:100B20000C4908604046BDE8F081000078000020D4
:100B300054000020440000204800002068000020ED
:100B400070000020580000201012002040000020FB
:100B5000640000206000002070B505462C46002689
:100B6000002D55D02B480068844201D1012000E0BF
:100B7000002050B900BF502080F31188BFF34F8F81
:100B8000BFF36F8F00BF00BFFEE7A06C50B900BF7E
:100B9000502080F31188BFF34F8FBFF36F8F00BFDA
:100BA00000BFFEE7A06C401EA064616CE06A884252
:100BB0002ED0A06C60BB201DFEF792FF78B9E06AD2
:100BC00000EB8000144951F8200040B994F82C1033
:100BD0000120884011490968814310480160606C18
:100BE000E062E06AC0F10700A06194F82C100120D7
:100BF00088400A490968084308490860E16A01EB2E
:100C00008101054A02EB8100211DFEF7BFFF01268D
:100C1000304670BD40000020101200205800002017
:100C200070B50646F068C46854B900BF502080F320
:100C30001188BFF34F8FBFF36F8F00BF00BFFEE778
:100C400004F11800FEF74CFF15480068A8B9201DF4
:100C5000FEF746FF94F82C100120884011490968DE
:100C6000084310490860E16A01EB81010E4A02EB7A
:100C70008100211DFEF78AFF04E004F118010B48F2
:100C8000FEF784FF0A49E06A0968C96A884204D904
:100C9000012501200749086000E00025284670BDB5
:100CA000780000205800002010120020C4120020FC
:100CB000400000206400002070B500240026364863
:100CC000006850B900BF502080F31188BFF34F8FE8
:100CD000BFF36F8F00BF00BFFEE7FEF763FF2E4834
:100CE0000068401E2C4908600846006800284FD163
:100CF0002A48006800284BD024E02948C068C4680E
:100D000004F11800FEF7ECFE201DFEF7E9FE94F852
:100D10002C100120884023490968084321490860B4
:100D2000E16A01EB8101204A02EB8100211DFEF7FF
:100D30002DFF1E49E06A0968C96A884202D3012072
:100D40001B4908601648006808B9012000E000202F
:100D50000028D2D00CB1FEF795F81648056865B1A9
:100D600000BFFFF755FE10B10120114908606D1E4C
:100D7000002DF6D100200F4908600D48006838B1F9
:100D8000012630070C490860BFF34F8FBFF36F8F08
:100D9000FEF732FF304670BD780000205000002082
:100DA000C412002058000020101200204000002033
:100DB000640000206000002004ED00E02DE9FC4705
:100DC00005460E4617469846DDF828902820FEF77F
:100DD00047F9044654B1002084F8240043463A46BB
:100DE00031462846CDE90094FDF748FE2046BDE88F
:100DF000FC872DE9FC4706460F4690469946DDE9FB
:100E00000AA5282001900198282801D1012000E09E
:100E1000002050B900BF502080F31188BFF34F8FDE
:100E2000BFF36F8F00BF00BFFEE700BF55B900BF23
:100E3000502080F31188BFF34F8FBFF36F8F00BF37
:100E400000BFFEE72C4654B1022084F824004B4634
:100E5000424639463046CDE900A4FDF70FFE204654
:100E6000BDE8FC8710B586B00024FDF753FC16489A
:100E70000068D0B100200590049003AA04A905A839
:100E8000FEF74EFE0222DDE904100023CDE9002129
:100E900002900EA10F48039AFFF746FD0E49086025
:100EA0000846006800B1012400BF54B900BF5020BB
:100EB00080F31188BFF34F8FBFF36F8F00BF00BF68
:100EC000FEE7204606B010BD84000020546D72205D
:100ED00053766300C9EF0008880000202DE9FF4722
:100EE00004460D4616461F46DDF830804FF00009D7
:100EF00054B900BF502080F31188BFF34F8FBFF368
:100F00006F8F00BF00BFFEE71448006810B3009564
:100F100001960294062D15DAFFF764FD022808D128
:100F20000023424669460D480068FFF771FA814682
:100F300010E000231A46694608480068FFF768FA7F
:100F4000814607E000233A46694604480068FFF7F7
:100F500033FB8146484604B0BDE8F087840000209A
:100F60000FC9000800000000441C010809700008B7
:100F700003000000000000008000000000000000EE
:100F800000000000341C0108CD33000803000000FD
:100F900000000000800000000000000000000000D1
:100FA000741C010825700008030000000000000008
:100FB000800000000000000000000000041C010888
:100FC00069D7000802000000000000008000000057
:100FD0000000000000000000541C010871C000085F
:100FE000030000000000000080000000000000007E
:100FF00000000000141C010843BE000803000000AC
:1010000000000000000100000000000000000000DF
:10101000241C0108754000080300000000000000C7
:10102000800000000000000000000000F41B010828
:101030007DAF0008030000000000000080000000F9
:101040000000000000000000641C0108B13300082B
:10105000030000000000000080000000000000000D
:101060000000000000061016000610160000000028
:101070000000000001020304060708090000000048
:101080000102030440AC037D04014103057C00021E
:101090006D0D026D0902000000000000000000005C
:1010A000C3F51C410000803F00000000000000006C
:1010B000000000000000803F000000000000000071
:1010C000000000000000803F40AC037D04014103AC
:1010D000057C00026D0D026D0902C8002C012C0177
:1010E000E8030001A5000100010102000201030064
:1010F00003010400040105000501060006010700C4
:101100000000650065016600660167006701680010
:101110006801690069016A006A016B00000014003F
:1011200001000B00C1910008020001002791000896
:10113000030010003391000804010300FD91000832
:1011400001020D005991000802020E00EB91000807
:1011500003021000459100080602010015920008E4
:10116000070207003992000800000000000000009C
:10117000000000000000000000000000000000006F
:10118000000000000000000000000000000000005F
:10119000000000000000000000000000000000004F
:1011A000000000000000000000000000000000003F
:1011B000000000000000000000000000000000002F
:1011C00001030800000000000002FF0270000000A0
:1011D00015000000000102000000000001010F00E6
:1011E0000000000002011E000000000003014B008F
:1011F00000000000040169000000000010012D0043
:10120000000000000108030201010200C003F40114
:10121000C0036C020201040052035802B6035802D4
:1012200001010200C003F401C0036C0202010400CA
:1012300052035802B6035802050104009403D20178
:10124000B003EE01060104009403EE01B003D201E5
:1012500001053C000F00FB02FA0002051400040027
:10126000A3007A03020307030000A04300A00C467A
:10127000000020410000A0410000A042000000004A
:1012800000008CC200008CC200008CC20000204113
:101290000000964200002042000020410000204152
:1012A0000000204100000000000000000AD7233B9E
:1012B000CDAF66390AD7A33C62BE3C393480B7391A
:1012C000A48CB837E85296346F12033A17B7D13965
:1012D0003333333F333333BF000080BE00009040D0
:1012E0000000F0429A99993FB89E2A430000344387
:1012F0008FC2F53C000000000000008000000000EC
:101300000000A041CDCCCC3D000080BF000000001B
:1013100000000000000000000000000000000000CD
:10132000000000000000000000000000000080BF7E
:10133000000080BF0000000000000000000000006E
:10134000CDCC8C3FCDCCCC3DCDCC4CBE00000000F4
:1013500000007041CDCCCC3D000080BF00000000FB
:10136000000000000000000000000000000000007D
:10137000000000000000000000000000000080BF2E
:10138000000080BF0000000000000000000000001E
:1013900000002040000000000000000000000000ED
:1013A0000000A041CDCCCC3D000080BF000000007B
:1013B000000000000000000000000000000000002D
:1013C000000000000000000000000000000080BFDE
:1013D000000080BF000000000000000000000000CE
:1013E0006666E63E0AD7233C3333B33E0000000076
:1013F00000002041CDCCCC3D000080BF00000000AB
:1014000000000000000000000000000000000000DC
:10141000000000000000000000000000000080BF8D
:10142000000080BF0000000000000000000000007D
:10143000D044583B00000000000000000000003FC6
:101440008FC2F53D0AD7233D0AD7233C0AD7233D57
:10145000000020420000A041CDCCCC3D000080BF68
:10146000000000000000000000000000000000007C
:10147000000000000000000000000000000000006C
:10148000000080BF000080BF0000000000000000DE
:10149000000000000AD7233D0AD7233C0AD7233D8A
:1014A000000020420000A041CDCCCC3D000080BF18
:1014B000000000000000000000000000000000002C
:1014C000000000000000000000000000000000001C
:1014D000000080BF000080BF00000000000000008E
:1014E00000000000CDCCCC3ECDCCCC3D00000000B7
:1014F000000000000000A041CDCCCC3D000080BF2A
:1015000000000000000000000000000000000000DB
:1015100000000000000000000000000000000000CB
:10152000000080BF000080BF00000000000000003D
:1015300000000000CDCCCC3ECDCCCC3D0000000066
:10154000000000000000A041CDCCCC3D000080BFD9
:10155000000000000000000000000000000000008B
:10156000000000000000000000000000000000007B
:10157000000080BF000080BF0000000000000000ED
:1015800000000000CDCC4C3F000000000000000037
:10159000000000000000A041CDCCCC3D000080BF89
:1015A000000000000000000000000000000000003B
:1015B000000000000000000000000000000000002B
:1015C000000080BF000080BF00000000000000009D
:1015D000000000008FC2753D0AD7233C0AD7233D87
:1015E000000020420000A041CDCCCC3D000080BFD7
:1015F00000000000000000000000000000000000EB
:1016000000000000000000000000000000000000DA
:10161000000080BF000080BF00000000000000004C
:10162000000000006F12033B6F12833A6F12833B7E
:10163000000020410000A041CDCCCC3D000080BF87
:10164000000000000000000000000000000000009A
:10165000000000000000000000000000000000008A
:10166000000000000000000000000000000000007A
:1016700000000000CDCC4C3F000000000000000046
:10168000000000000000A041CDCCCC3D000080BF98
:10169000000000000000000000000000000000004A
:1016A000000000000000000000000000000000003A
:1016B000000080BF000080BF0000000000000000AC
:1016C000000000008FC2753D0AD7233C0AD7233D96
:1016D000000020420000A041CDCCCC3D000080BFE6
:1016E00000000000000000000000000000000000FA
:1016F00000000000000000000000000000000000EA
:10170000000080BF000080BF00000000000000005B
:1017100000000000CDCC4C3F0000000000000000A5
:10172000000000000000A041CDCCCC3D000080BFF7
:1017300000000000000000000000000000000000A9
:101740000000000000000000000000000000000099
:10175000000080BF000080BF00000000000000000B
:10176000000000008FC2753D0AD7233C0AD7233DF5
:10177000000020420000A041CDCCCC3D000080BF45
:101780000000000000000000000000000000000059
:101790000000000000000000000000000000000049
:1017A000000080BF000080BF0000000000000000BB
:1017B00000000000CDCC4C3F000000000000000005
:1017C000000000000000A041CDCCCC3D000080BF57
:1017D0000000000000000000000000000000000009
:1017E00000000000000000000000000000000000F9
:1017F000000080BF000080BF00000000000000006B
:10180000000000008FC2753D0AD7233C0AD7233D54
:10181000000020420000A041CDCCCC3D000080BFA4
:1018200000000000000000000000000000000000B8
:1018300000000000000000000000000000000000A8
:10184000000080BF000080BF00000000000000001A
:10185000000000000000803F0000000000000000C9
:101860000000000000000000000000000000000078
:101870000000803F000000000000000000000000A9
:101880000000000000000000000000000000803F99
:101890000000000000000000000000000000000048
:1018A00000000000000000000000803F0000000079
:1018B0000000000000000000000000000000000028
:1018C000000000000000803F000000000000000059
:1018D0000000000000000000000000000000000008
:1018E0000000803F000000000000000000004842AF
:1018F000CDCC4C3E005EBCE2613FDD83C29C7E20CD
:10190000A3FD1F419DC3217FFCA2401E5F01E3BDDB
:101910003E6082DC237D9FC1421CFEA0E1BF5D03CF
:1019200080DE3C62BEE0025CDF81633D7C22C09EC3
:101930001D43A1FF4618FAA427799BC584DA3866AF
:10194000E5BB5907DB856739BAE406581947A5FB9B
:101950007826C49A653BD987045AB8E6A7F91B458F
:10196000C6987A24F8A6441A99C7257B3A6486D883
:101970005B05E7B98CD2306EEDB3510F4E10F2AC6F
:101980002F7193CD114FADF3702ECC92D38D6F315B
:10199000B2EC0E50AFF1134DCE90722C6D33D18F4F
:1019A0000C52B0EE326C8ED0530DEFB1F0AE4C1243
:1019B00091CF2D73CA947628ABF517490856B4EA2F
:1019C0006937D58B5709EBB536688AD495CB29771B
:1019D000F4AA4816E9B7550B88D6346A2B7597C90F
:1019E0004A14F6A8742AC896154BA9F7B6E80A5403
:1019F000D7896B350000891112239B322446AD57DD
:101A00003665BF74488CC19D5AAFD3BE6CCAE5DB46
:101A10007EE9F7F88110080193331A22A5562C4766
:101A2000B7753E64C99C408DDBBF52AEEDDA64CB26
:101A3000FFF976E802218B30100299132667AF7602
:101A40003444BD554AADC3BC588ED19F6EEBE7FA06
:101A50007CC8F5D983310A2091121803A7772E6626
:101A6000B5543C45CBBD42ACD99E508FEFFB66EAE6
:101A7000FDD874C904428D5316619F702004A915C6
:101A80003227BB364CCEC5DF5EEDD7FC6888E199C6
:101A90007AABF3BA85520C4397711E60A1142805E6
:101AA000B3373A26CDDE44CFDFFD56ECE9986089A6
:101AB000FBBB72AA06638F7214409D512225AB3482
:101AC0003006B9174EEFC7FE5CCCD5DD6AA9E3B886
:101AD000788AF19B87730E6295501C41A3352A24A6
:101AE000B1163807CFFF46EEDDDC54CDEBB962A866
:101AF000F99A708B088481951AA793B62CC2A5D346
:101B00003EE1B7F04008C919522BDB3A644EED5F55
:101B1000766DFF7C899400859BB712A6ADD224C355
:101B2000BFF136E0C1184809D33B5A2AE55E6C4F35
:101B3000F77D7E6C0AA583B4188691972EE3A7F2F1
:101B40003CC0B5D14229CB38500AD91B666FEF7E15
:101B5000744CFD5D8BB502A499961087AFF326E215
:101B6000BDD034C1C3394A28D11A580BE77F6E6EF5
:101B7000F55C7C4D0CC685D71EE597F42880A191B5
:101B80003AA3B3B2444ACD5B5669DF78600CE91DD5
:101B9000722FFB3E8DD604C79FF516E4A9902081D5
:101BA000BBB332A2C55A4C4BD7795E68E11C680DB5
:101BB000F33F7A2E0EE787F61CC495D52AA1A3B071
:101BC0003882B193466BCF7A5448DD59622DEB3C95
:101BD000700EF91F8FF706E69DD414C5ABB122A095
:101BE000B9923083C77B4E6AD5585C49E33D6A2C75
:101BF000F11E780F526566657265655F5461736B9F
:101C0000486100005761746368446F675F54617393
:101C10006B48610052656D6F74655F5461736B480A
:101C2000616E640047696D62616C5F5461736B48FB
:101C3000616E6400436F6D6D5F5461736B48616EDC
:101C4000646C6500496E69745F5461736B48616EC2
:101C5000646C650053686F6F745F5461736B4861A7
:101C60006E646C00436861737369735F5461736B76
:101C700048616E00496E735F5461736B48616E64B6
:101C80006C65720020213F47554755474147413F0A
:101C90002120000053686F6F744D6F64653A466190
:101CA0007374000053686F6F744D6F64653A5665C6
:101CB000727946617374000053686F6F744D6F647E
:101CC000653A536C6F77000000000000920E493CAB
:101CD000B10AC93C2BC3163D2EFB483D752B7B3DFD
:101CE00004A9963D80B6AF3D36BDC83D2FBCE13D51
:101CF00073B2FA3D87CF093E8340163EB5AB223E14
:101D0000A2102F3ECF6E3B3EC2C5473E0115543E4A
:101D1000135C603E7F9A6C3ECCCF783EC07D823EA5
:101D2000938E883E229A8E3E32A0943E86A09A3EA2
:101D3000E59AA03E128FA63ED47CAC3EEF63B23E45
:101D40002A44B83E491DBE3E15EFC33E53B9C93EB5
:101D5000CA7BCF3E4136D53E80E8DA3E4F92E03E28
:101D60007533E63EBBCBEB3EEA5AF13ECBE0F63EA6
:101D7000275DFC3EE4E7003F3D9C033F824B063F6E
:101D80009BF5083F6B9A0B3FDA390E3FCDD3103FDE
:101D90002A68133FD9F6153FC07F183FC6021B3F84
:101DA000D17F1D3FCBF61F3F9967223F25D2243FAD
:101DB0005636273F1594293F4AEB2B3FDE3B2E3FFB
:101DC000BB85303FC9C8323FF304353F233A373F24
:101DD0004268393F3B8F3B3FF9AE3D3F67C73F3FCE
:101DE00070D8413F01E2433F03E4453F65DE473F92
:101DF00012D1493FF8BB4B3F029F4D3F207A4F3FE6
:101E00003D4D513F4918533F31DB543FE595563F17
:101E10005348583F6AF2593F1A945B3F532D5D3F38
:101E200005BE5E3F2146603F97C5613F5A3C633F18
:101E300059AA643F880F663FD86B673F3CBF683F35
:101E4000A7096A3F0C4B6B3F5E836C3F93B26D3FBB
:101E50009ED86E3F73F56F3F0809713F5213723F72
:101E60004714733FDD0B743F0BFA743FC6DE753FBA
:101E700007BA763FC58B773FF853783F9812793F82
:101E80009DC7793F02737A3FBE147B3FCDAC7B3F49
:101E9000283B7C3FC9BF7C3FAC3A7D3FCCAB7D3F0C
:101EA00023137E3FB0707E3F6DC47E3F580E7F3F50
:101EB0006D4E7F3FAB847F3F0FB17F3F97D37F3F16
:101EC00043EC7F3F11FB7F3F0000803F11FB7F3FD2
:101ED00043EC7F3F97D37F3F0FB17F3FAB847F3F82
:101EE0006D4E7F3F580E7F3F6DC47E3FB0707E3F8A
:101EF00023137E3FCCAB7D3FAC3A7D3FC9BF7C3FD7
:101F0000283B7C3FCDAC7B3FBE147B3F02737A3FC6
:101F10009DC7793F9812793FF853783FC58B773F3B
:101F200007BA763FC6DE753F0BFA743FDD0B743F90
:101F30004714733F5213723F0809713F73F56F3FA7
:101F40009ED86E3F93B26D3F5E836C3F0C4B6B3FF0
:101F5000A7096A3F3CBF683FD86B673F880F663F61
:101F600059AA643F5A3C633F97C5613F2146603F91
:101F700005BE5E3F532D5D3F1A945B3F6AF2593FA9
:101F80005348583FE595563F31DB543F4918533F7E
:101F90003D4D513F207A4F3F029F4D3FF8BB4B3F95
:101FA00012D1493F65DE473F03E4453F01E2433F2D
:101FB00070D8413F67C73F3FF9AE3D3F3B8F3B3F46
:101FC0004268393F233A373FF304353FC9C8323FAF
:101FD000BB85303FDE3B2E3F4AEB2B3F1594293F1C
:101FE0005636273F25D2243F9967223FCBF61F3F25
:101FF000D17F1D3FC6021B3FC07F183FD9F6153F5A
:102000002A68133FCDD3103FDA390E3F6B9A0B3F4E
:102010009BF5083F824B063F3D9C033FE4E7003FB2
:10202000275DFC3ECBE0F63EEA5AF13EBBCBEB3EF1
:102030007533E63E4F92E03E80E8DA3E4136D53ECB
:10204000CA7BCF3E53B9C93E15EFC33E491DBE3EC4
:102050002A44B83EEF63B23ED47CAC3E128FA63E1B
:10206000E59AA03E86A09A3E32A0943E229A8E3EE9
:10207000938E883EC07D823ECCCF783E7F9A6C3E68
:10208000135C603E0115543EC2C5473ECF6E3B3ED9
:10209000A2102F3EB5AB223E8340163E87CF093EAD
:1020A00073B2FA3D2FBCE13D36BDC83D80B6AF3DB1
:1020B00004A9963D752B7B3D2EFB483D2BC3163D59
:1020C000B10AC93C920E493C00000000920E49BC86
:1020D000B10AC9BC2BC316BD2EFB48BD752B7BBDF9
:1020E00004A996BD80B6AFBD36BDC8BD2FBCE1BD4D
:1020F00073B2FABD87CF09BE834016BEB5AB22BE10
:10210000A2102FBECF6E3BBEC2C547BE011554BE46
:10211000135C60BE7F9A6CBECCCF78BEC07D82BEA1
:10212000938E88BE229A8EBE32A094BE86A09ABE9E
:10213000E59AA0BE128FA6BED47CACBEEF63B2BE41
:102140002A44B8BE491DBEBE15EFC3BE53B9C9BEB1
:10215000CA7BCFBE4136D5BE80E8DABE4F92E0BE24
:102160007533E6BEBBCBEBBEEA5AF1BECBE0F6BEA2
:10217000275DFCBEE4E700BF3D9C03BF824B06BF6A
:102180009BF508BF6B9A0BBFDA390EBFCDD310BFDA
:102190002A6813BFD9F615BFC07F18BFC6021BBF80
:1021A000D17F1DBFCBF61FBF996722BF25D224BFA9
:1021B000563627BF159429BF4AEB2BBFDE3B2EBFF7
:1021C000BB8530BFC9C832BFF30435BF233A37BF20
:1021D000426839BF3B8F3BBFF9AE3DBF67C73FBFCA
:1021E00070D841BF01E243BF03E445BF65DE47BF8E
:1021F00012D149BFF8BB4BBF029F4DBF207A4FBFE2
:102200003D4D51BF491853BF31DB54BFE59556BF13
:10221000534858BF6AF259BF1A945BBF532D5DBF34
:1022200005BE5EBF214660BF97C561BF5A3C63BF14
:1022300059AA64BF880F66BFD86B67BF3CBF68BF31
:10224000A7096ABF0C4B6BBF5E836CBF93B26DBFB7
:102250009ED86EBF73F56FBF080971BF521372BF6E
:10226000471473BFDD0B74BF0BFA74BFC6DE75BFB6
:1022700007BA76BFC58B77BFF85378BF981279BF7E
:102280009DC779BF02737ABFBE147BBFCDAC7BBF45
:10229000283B7CBFC9BF7CBFAC3A7DBFCCAB7DBF08
:1022A00023137EBFB0707EBF6DC47EBF580E7FBF4C
:1022B0006D4E7FBFAB847FBF0FB17FBF97D37FBF12
:1022C00043EC7FBF11FB7FBF000080BF11FB7FBFCE
:1022D00043EC7FBF97D37FBF0FB17FBFAB847FBF7E
:1022E0006D4E7FBF580E7FBF6DC47EBFB0707EBF86
:1022F00023137EBFCCAB7DBFAC3A7DBFC9BF7CBFD3
:10230000283B7CBFCDAC7BBFBE147BBF02737ABFC2
:102310009DC779BF981279BFF85378BFC58B77BF37
:1023200007BA76BFC6DE75BF0BFA74BFDD0B74BF8C
:10233000471473BF521372BF080971BF73F56FBFA3
:102340009ED86EBF93B26DBF5E836CBF0C4B6BBFEC
:10235000A7096ABF3CBF68BFD86B67BF880F66BF5D
:1023600059AA64BF5A3C63BF97C561BF214660BF8D
:1023700005BE5EBF532D5DBF1A945BBF6AF259BFA5
:10238000534858BFE59556BF31DB54BF491853BF7A
:102390003D4D51BF207A4FBF029F4DBFF8BB4BBF91
:1023A00012D149BF65DE47BF03E445BF01E243BF29
:1023B00070D841BF67C73FBFF9AE3DBF3B8F3BBF42
:1023C000426839BF233A37BFF30435BFC9C832BFAB
:1023D000BB8530BFDE3B2EBF4AEB2BBF159429BF18
:1023E000563627BF25D224BF996722BFCBF61FBF21
:1023F000D17F1DBFC6021BBFC07F18BFD9F615BF56
:102400002A6813BFCDD310BFDA390EBF6B9A0BBF4A
:102410009BF508BF824B06BF3D9C03BFE4E700BFAE
:10242000275DFCBECBE0F6BEEA5AF1BEBBCBEBBEED
:102430007533E6BE4F92E0BE80E8DABE4136D5BEC7
:10244000CA7BCFBE53B9C9BE15EFC3BE491DBEBEC0
:102450002A44B8BEEF63B2BED47CACBE128FA6BE17
:10246000E59AA0BE86A09ABE32A094BE229A8EBEE5
:10247000938E88BEC07D82BECCCF78BE7F9A6CBE64
:10248000135C60BE011554BEC2C547BECF6E3BBED5
:10249000A2102FBEB5AB22BE834016BE87CF09BEA9
:1024A00073B2FABD2FBCE1BD36BDC8BD80B6AFBDAD
:1024B00004A996BD752B7BBD2EFB48BD2BC316BD55
:1024C000B10AC9BC920E49BC00000080EC2401088E
:1024D00000000020A00500000C08000840260108AC
:1024E000A005002058EE000000DD00080134321085
:1024F0004201037124F41AAA0181157D04017C10A4
:102500000F0240AB034101055308065804070F169C
:102510000810810911160A15800B16053C0C1801CC
:102520000D095E60012045CDCC4C3D3C0AD7A30887
:10253000014E022D96023301ED7B14AE3F04A91C1F
:102540000918F80A13CCF0157D04017C100F024025
:10255000AB034101055308065804070F1608108104
:102560000911160A15800B16100F0C18010D3333C4
:10257000EB3A58A08B3A980C62205A80680312807C
:10258000BF791C091D244D7017600F505A18081E82
:10259000841C0108B8041A94041AA40442FF140805
:1025A00002403A010AB114024010D914ED0402406D
:1025B0000114193C1210FAB1141220D2B2136003A4
:1025C0001B2074041A88041A9C041A4C04699C0188
:1025D0004C20098716593D0AD7A33C2340416A2065
:1025E000041AC104624263FA431FA040CDCC4C3FA1
:1025F000041EBE0AD7233EF019181EC03F713D8A43
:10260000141ACC1413A33B1C50C3470C0A123D04EC
:1026100009531C110B1AC8421C1122FF1AFF040196
:10262000582305021325DE240801011379DD1B0858
:1026300003081A1D081A05081AD508012C00000005
:040000050800018965
:00000001FF
